date,pe
2010-01-04,17.55
2010-01-05,17.91
2010-01-06,18.01
2010-01-07,17.89
2010-01-08,17.91
2010-01-11,18.0
2010-01-12,17.8
2010-01-13,17.99
2010-01-14,18.18
2010-01-15,18.24
2010-01-18,18.26
2010-01-19,18.05
2010-01-20,17.78
2010-01-21,17.29
2010-01-22,17.12
2010-01-25,16.12
2010-01-27,15.44
2010-01-28,15.51
2010-01-29,14.57
2010-02-01,14.83
2010-02-02,14.64
2010-02-03,14.99
2010-02-04,14.6
2010-02-05,14.85
2010-02-06,15.03
2010-02-08,15.06
2010-02-09,15.21
2010-02-10,15.11
2010-02-11,15.26
2010-02-15,15.22
2010-02-16,15.37
2010-02-17,15.55
2010-02-18,15.46
2010-02-19,15.2
2010-02-22,15.09
2010-02-23,15.01
2010-02-24,14.98
2010-02-25,14.87
2010-02-26,15.4
2010-03-02,15.76
2010-03-03,16.01
2010-03-04,16.17
2010-03-05,16.33
2010-03-08,16.42
2010-03-09,16.25
2010-03-10,16.2
2010-03-11,16.2
2010-03-12,16.18
2010-03-15,16.11
2010-03-16,16.28
2010-03-17,16.36
2010-03-18,16.43
2010-03-19,16.45
2010-03-22,16.33
2010-03-23,16.45
2010-03-25,16.39
2010-03-26,16.54
2010-03-29,16.53
2010-03-30,16.49
2010-03-31,16.53
2010-04-01,16.67
2010-04-05,16.94
2010-04-06,17.02
2010-04-07,17.06
2010-04-08,16.95
2010-04-09,17.16
2010-04-12,17.11
2010-04-13,17.08
2010-04-15,17.03
2010-04-16,16.98
2010-04-19,16.8
2010-04-20,17.05
2010-04-21,17.15
2010-04-22,17.11
2010-04-23,17.16
2010-04-26,17.27
2010-04-27,17.27
2010-04-28,17.08
2010-04-29,17.25
2010-04-30,17.42
2010-05-03,17.37
2010-05-04,16.98
2010-05-05,17.13
2010-05-06,17.06
2010-05-07,16.51
2010-05-10,16.86
2010-05-11,16.67
2010-05-12,16.72
2010-05-13,16.91
2010-05-14,17.23
2010-05-17,17.16
2010-05-18,17.16
2010-05-19,16.61
2010-05-20,16.61
2010-05-21,16.43
2010-05-24,16.47
2010-05-25,15.93
2010-05-26,16.15
2010-05-27,16.3
2010-05-28,16.89
2010-05-31,17.05
2010-06-01,16.77
2010-06-02,16.93
2010-06-03,17.19
2010-06-04,17.28
2010-06-07,17.02
2010-06-08,16.87
2010-06-09,16.97
2010-06-10,17.24
2010-06-11,17.07
2010-06-14,17.27
2010-06-15,17.39
2010-06-16,17.4
2010-06-17,17.44
2010-06-18,17.3
2010-06-21,17.58
2010-06-22,17.47
2010-06-23,17.53
2010-06-24,17.57
2010-06-25,17.47
2010-06-28,17.68
2010-06-29,17.53
2010-06-30,17.61
2010-07-01,17.47
2010-07-02,17.43
2010-07-05,17.33
2010-07-06,17.46
2010-07-07,17.43
2010-07-08,17.58
2010-07-09,17.74
2010-07-12,17.77
2010-07-13,17.89
2010-07-14,17.78
2010-07-15,17.75
2010-07-16,17.81
2010-07-19,17.87
2010-07-20,17.84
2010-07-21,17.97
2010-07-22,18.03
2010-07-23,17.98
2010-07-26,17.68
2010-07-27,17.71
2010-07-28,17.7
2010-07-29,17.63
2010-07-30,17.66
2010-08-02,17.71
2010-08-03,17.76
2010-08-04,17.71
2010-08-05,17.66
2010-08-06,17.66
2010-08-09,18.14
2010-08-10,18.04
2010-08-11,17.83
2010-08-12,17.81
2010-08-13,18.04
2010-08-16,18.47
2010-08-17,18.48
2010-08-18,18.69
2010-08-19,18.85
2010-08-20,18.79
2010-08-23,18.97
2010-08-24,18.87
2010-08-25,18.7
2010-08-26,18.61
2010-08-27,18.42
2010-08-30,18.43
2010-08-31,18.33
2010-09-01,18.62
2010-09-02,18.77
2010-09-03,18.93
2010-09-06,19.19
2010-09-07,19.2
2010-09-08,19.23
2010-09-09,19.38
2010-09-13,20.46
2010-09-14,20.32
2010-09-15,20.34
2010-09-16,20.04
2010-09-17,20.46
2010-09-20,20.64
2010-09-21,20.45
2010-09-22,20.42
2010-09-23,20.46
2010-09-24,20.64
2010-09-27,20.72
2010-09-28,20.74
2010-09-29,20.63
2010-09-30,20.45
2010-10-01,20.89
2010-10-04,21.13
2010-10-05,21.25
2010-10-06,21.47
2010-10-07,21.26
2010-10-08,21.12
2010-10-11,21.34
2010-10-12,21.24
2010-10-13,21.55
2010-10-14,21.45
2010-10-15,21.11
2010-10-18,21.05
2010-10-19,21.01
2010-10-20,21.0
2010-10-21,21.3
2010-10-22,21.31
2010-10-25,21.38
2010-10-26,21.07
2010-10-27,21.08
2010-10-28,20.84
2010-10-29,20.76
2010-11-01,21.07
2010-11-02,21.21
2010-11-03,21.34
2010-11-04,21.59
2010-11-05,21.66
2010-11-08,21.65
2010-11-09,21.74
2010-11-10,21.55
2010-11-11,21.26
2010-11-12,20.7
2010-11-15,21.85
2010-11-16,21.39
2010-11-18,21.52
2010-11-19,21.08
2010-11-22,21.3
2010-11-23,21.07
2010-11-24,20.85
2010-11-25,20.34
2010-11-26,19.89
2010-11-29,20.13
2010-11-30,20.3
2010-12-01,20.89
2010-12-02,20.93
2010-12-03,20.4
2010-12-06,20.49
2010-12-07,20.38
2010-12-08,20.01
2010-12-09,19.18
2010-12-10,19.48
2010-12-13,19.88
2010-12-14,20.14
2010-12-15,19.8
2010-12-16,19.92
2010-12-20,19.88
2010-12-21,20.08
2010-12-22,20.04
2010-12-23,19.93
2010-12-24,20.05
2010-12-27,19.87
2010-12-28,19.8
2010-12-29,19.95
2010-12-30,20.03
2010-12-31,20.32
2011-01-03,20.6
2011-01-04,20.56
2011-01-05,20.28
2011-01-06,19.97
2011-01-07,19.39
2011-01-10,18.9
2011-01-11,18.78
2011-01-12,19.17
2011-01-13,19.1
2011-01-14,18.73
2011-01-17,18.56
2011-01-18,18.7
2011-01-19,18.63
2011-01-20,18.75
2011-01-21,18.74
2011-01-24,19.02
2011-01-25,18.98
2011-01-27,18.25
2011-01-28,17.8
2011-01-31,17.51
2011-02-01,17.2
2011-02-02,17.2
2011-02-03,17.36
2011-02-04,17.11
2011-02-07,16.95
2011-02-08,16.26
2011-02-09,15.57
2011-02-10,15.74
2011-02-11,16.16
2011-02-14,16.81
2011-02-15,16.87
2011-02-16,16.83
2011-02-17,17.03
2011-02-18,16.6
2011-02-21,16.87
2011-02-22,16.69
2011-02-23,16.5
2011-02-24,15.83
2011-02-25,15.77
2011-02-28,15.86
2011-03-01,16.48
2011-03-03,16.5
2011-03-04,16.52
2011-03-07,16.25
2011-03-08,16.48
2011-03-09,16.64
2011-03-10,16.57
2011-03-11,16.33
2011-03-14,16.49
2011-03-15,16.16
2011-03-16,16.34
2011-03-17,16.33
2011-03-18,16.21
2011-03-21,16.13
2011-03-22,16.28
2011-03-23,16.44
2011-03-24,16.56
2011-03-25,16.77
2011-03-28,16.86
2011-03-29,16.89
2011-03-30,17.22
2011-03-31,17.19
2011-04-01,17.41
2011-04-04,17.66
2011-04-05,17.91
2011-04-06,18.01
2011-04-07,18.13
2011-04-08,17.79
2011-04-11,17.61
2011-04-13,17.86
2011-04-15,17.77
2011-04-18,17.6
2011-04-19,17.63
2011-04-20,17.75
2011-04-21,17.68
2011-04-25,17.77
2011-04-26,17.79
2011-04-27,17.47
2011-04-28,17.21
2011-04-29,17.1
2011-05-02,16.81
2011-05-03,16.42
2011-05-04,16.32
2011-05-05,16.18
2011-05-06,16.35
2011-05-09,16.43
2011-05-10,16.43
2011-05-11,16.55
2011-05-12,16.42
2011-05-13,16.22
2011-05-16,16.29
2011-05-17,16.07
2011-05-18,15.95
2011-05-19,15.85
2011-05-20,15.88
2011-05-23,15.69
2011-05-24,15.7
2011-05-25,15.67
2011-05-26,15.64
2011-05-27,16.17
2011-05-30,16.32
2011-05-31,16.27
2011-06-01,16.39
2011-06-02,16.26
2011-06-03,16.25
2011-06-06,16.39
2011-06-07,16.52
2011-06-08,16.48
2011-06-09,16.48
2011-06-10,16.39
2011-06-13,16.46
2011-06-14,16.52
2011-06-15,16.38
2011-06-16,16.25
2011-06-17,16.23
2011-06-20,15.72
2011-06-21,15.67
2011-06-22,15.47
2011-06-23,15.48
2011-06-24,15.77
2011-06-27,15.95
2011-06-28,16.04
2011-06-29,16.08
2011-06-30,16.12
2011-07-01,16.18
2011-07-04,16.42
2011-07-05,16.38
2011-07-06,16.44
2011-07-07,16.71
2011-07-08,16.58
2011-07-11,16.47
2011-07-12,16.2
2011-07-13,16.44
2011-07-14,16.54
2011-07-15,16.53
2011-07-18,16.58
2011-07-19,16.67
2011-07-20,16.46
2011-07-21,16.29
2011-07-22,16.48
2011-07-25,16.99
2011-07-26,16.85
2011-07-27,16.96
2011-07-28,16.51
2011-07-29,16.41
2011-08-01,16.06
2011-08-02,15.82
2011-08-03,15.77
2011-08-04,15.59
2011-08-05,15.22
2011-08-08,14.96
2011-08-09,14.91
2011-08-10,15.31
2011-08-11,15.22
2011-08-12,15.13
2011-08-16,14.77
2011-08-17,14.67
2011-08-18,14.23
2011-08-19,14.23
2011-08-22,14.53
2011-08-23,14.71
2011-08-24,14.66
2011-08-25,14.42
2011-08-26,14.06
2011-08-29,14.45
2011-08-30,14.64
2011-09-02,14.89
2011-09-05,14.98
2011-09-06,15.02
2011-09-07,15.25
2011-09-08,15.32
2011-09-09,15.05
2011-09-12,14.63
2011-09-13,14.62
2011-09-14,14.75
2011-09-15,14.96
2011-09-16,14.94
2011-09-19,14.94
2011-09-20,15.13
2011-09-21,15.44
2011-09-22,14.81
2011-09-23,14.72
2011-09-26,14.44
2011-09-27,14.64
2011-09-28,14.46
2011-09-29,14.51
2011-09-30,14.42
2011-10-03,14.02
2011-10-04,13.79
2011-10-05,13.69
2011-10-07,13.88
2011-10-10,13.38
2011-10-11,13.46
2011-10-12,13.76
2011-10-13,13.73
2011-10-14,13.79
2011-10-17,13.75
2011-10-18,13.54
2011-10-19,13.67
2011-10-20,13.5
2011-10-21,13.4
2011-10-24,13.51
2011-10-25,13.54
2011-10-26,13.68
2011-10-28,14.1
2011-10-31,14.18
2011-11-01,13.91
2011-11-02,13.9
2011-11-03,13.94
2011-11-04,14.13
2011-11-08,14.2
2011-11-09,14.36
2011-11-11,14.19
2011-11-14,14.02
2011-11-15,13.77
2011-11-16,13.67
2011-11-17,13.43
2011-11-18,13.31
2011-11-21,13.02
2011-11-22,13.09
2011-11-23,12.88
2011-11-24,13.23
2011-11-25,13.21
2011-11-28,13.59
2011-11-29,13.42
2011-11-30,13.38
2011-12-01,13.71
2011-12-02,13.94
2011-12-05,13.92
2011-12-07,13.94
2011-12-08,13.63
2011-12-09,13.52
2011-12-12,13.17
2011-12-13,13.16
2011-12-14,13.03
2011-12-15,12.98
2011-12-16,12.67
2011-12-19,12.49
2011-12-20,12.17
2011-12-21,12.4
2011-12-22,12.66
2011-12-23,12.58
2011-12-26,12.7
2011-12-27,12.57
2011-12-28,12.45
2011-12-29,12.35
2011-12-30,12.36
2012-01-02,12.44
2012-01-03,12.93
2012-01-04,12.89
2012-01-05,12.86
2012-01-06,12.83
2012-01-07,12.9
2012-01-09,13.05
2012-01-10,13.5
2012-01-11,13.65
2012-01-12,13.72
2012-01-13,13.85
2012-01-16,13.86
2012-01-17,14.09
2012-01-18,13.89
2012-01-19,14.14
2012-01-20,14.25
2012-01-23,14.27
2012-01-24,14.61
2012-01-25,14.86
2012-01-27,14.96
2012-01-30,14.58
2012-01-31,14.95
2012-02-01,15.17
2012-02-02,14.94
2012-02-03,15.18
2012-02-06,15.88
2012-02-07,15.74
2012-02-08,16.0
2012-02-09,16.31
2012-02-10,16.31
2012-02-13,16.78
2012-02-14,17.13
2012-02-15,17.64
2012-02-16,18.01
2012-02-17,18.91
2012-02-21,19.19
2012-02-22,18.53
2012-02-23,18.4
2012-02-24,18.33
2012-02-27,17.59
2012-02-28,18.34
2012-02-29,18.62
2012-03-01,18.48
2012-03-02,18.35
2012-03-03,18.35
2012-03-05,18.01
2012-03-06,17.82
2012-03-07,17.89
2012-03-09,18.57
2012-03-12,18.82
2012-03-13,19.0
2012-03-14,19.02
2012-03-15,18.51
2012-03-16,18.3
2012-03-19,18.03
2012-03-20,18.26
2012-03-21,18.68
2012-03-22,18.12
2012-03-23,18.37
2012-03-26,18.01
2012-03-27,18.13
2012-03-28,17.81
2012-03-29,17.8
2012-03-30,18.3
2012-04-02,18.45
2012-04-03,18.66
2012-04-04,18.66
2012-04-09,18.28
2012-04-10,18.26
2012-04-11,18.11
2012-04-12,18.33
2012-04-13,18.12
2012-04-16,18.22
2012-04-17,18.36
2012-04-18,18.42
2012-04-19,18.42
2012-04-20,18.23
2012-04-23,17.83
2012-04-24,17.51
2012-04-25,17.25
2012-04-26,17.1
2012-04-27,12.89
2012-04-28,12.97
2012-04-30,13.12
2012-05-02,13.13
2012-05-03,12.93
2012-05-04,12.6
2012-05-07,12.85
2012-05-08,12.52
2012-05-09,12.28
2012-05-10,12.26
2012-05-11,12.07
2012-05-14,12.13
2012-05-15,12.22
2012-05-16,12.2
2012-05-17,12.11
2012-05-18,12.07
2012-05-21,12.1
2012-05-22,11.97
2012-05-23,11.88
2012-05-24,11.89
2012-05-25,11.97
2012-05-28,12.21
2012-05-29,12.07
2012-05-30,11.85
2012-05-31,11.9
2012-06-01,11.79
2012-06-04,11.77
2012-06-05,11.85
2012-06-06,12.32
2012-06-07,12.45
2012-06-08,12.59
2012-06-11,12.57
2012-06-12,12.7
2012-06-13,12.68
2012-06-14,12.39
2012-06-15,12.52
2012-06-18,12.34
2012-06-19,12.37
2012-06-20,12.53
2012-06-21,12.7
2012-06-22,12.74
2012-06-25,12.72
2012-06-26,12.79
2012-06-27,12.88
2012-06-28,12.86
2012-06-29,13.17
2012-07-02,13.3
2012-07-03,13.41
2012-07-04,13.55
2012-07-05,13.65
2012-07-06,13.5
2012-07-09,13.23
2012-07-10,13.45
2012-07-11,13.37
2012-07-12,13.28
2012-07-13,13.24
2012-07-16,13.17
2012-07-17,13.05
2012-07-18,13.1
2012-07-19,13.15
2012-07-20,13.13
2012-07-23,12.85
2012-07-24,12.87
2012-07-25,12.74
2012-07-26,12.48
2012-07-27,12.54
2012-07-30,12.82
2012-07-31,12.83
2012-08-01,12.96
2012-08-02,13.01
2012-08-03,12.95
2012-08-06,13.25
2012-08-07,13.33
2012-08-08,13.29
2012-08-09,13.27
2012-08-10,13.26
2012-08-13,13.42
2012-08-14,13.57
2012-08-16,13.65
2012-08-17,13.61
2012-08-21,13.68
2012-08-22,13.55
2012-08-23,13.52
2012-08-24,13.46
2012-08-27,13.35
2012-08-28,13.28
2012-08-29,13.17
2012-08-30,13.19
2012-08-31,13.17
2012-09-03,13.16
2012-09-04,13.25
2012-09-05,13.14
2012-09-06,13.22
2012-09-07,13.43
2012-09-08,13.49
2012-09-10,13.52
2012-09-11,13.56
2012-09-12,13.58
2012-09-13,13.47
2012-09-14,13.67
2012-09-17,14.02
2012-09-18,14.28
2012-09-20,14.13
2012-09-21,14.52
2012-09-24,14.56
2012-09-25,14.59
2012-09-26,14.64
2012-09-27,14.68
2012-09-28,14.59
2012-10-01,14.7
2012-10-03,14.81
2012-10-04,14.89
2012-10-05,14.74
2012-10-08,14.61
2012-10-09,14.71
2012-10-10,14.5
2012-10-11,14.82
2012-10-12,14.81
2012-10-15,14.81
2012-10-16,14.56
2012-10-17,14.55
2012-10-18,14.74
2012-10-19,14.53
2012-10-22,14.62
2012-10-23,14.41
2012-10-25,14.31
2012-10-26,14.12
2012-10-29,13.87
2012-10-30,13.71
2012-10-31,13.83
2012-11-01,13.99
2012-11-02,14.01
2012-11-05,13.89
2012-11-06,14.18
2012-11-07,14.02
2012-11-08,14.04
2012-11-09,13.68
2012-11-12,13.83
2012-11-13,13.8
2012-11-15,13.8
2012-11-16,13.64
2012-11-19,13.53
2012-11-20,13.36
2012-11-21,13.45
2012-11-22,13.5
2012-11-23,13.5
2012-11-26,13.62
2012-11-27,13.81
2012-11-29,13.95
2012-11-30,14.5
2012-12-03,14.69
2012-12-04,14.8
2012-12-05,14.87
2012-12-06,15.03
2012-12-07,14.97
2012-12-10,15.09
2012-12-11,14.92
2012-12-12,14.99
2012-12-13,14.74
2012-12-14,14.9
2012-12-17,15.0
2012-12-18,15.15
2012-12-19,15.17
2012-12-20,15.1
2012-12-21,14.75
2012-12-24,14.77
2012-12-26,14.88
2012-12-27,14.81
2012-12-28,14.9
2012-12-31,15.11
2013-01-01,15.37
2013-01-02,15.46
2013-01-03,15.55
2013-01-04,15.6
2013-01-07,15.66
2013-01-08,15.72
2013-01-09,15.6
2013-01-10,15.54
2013-01-11,15.27
2013-01-14,15.63
2013-01-15,15.67
2013-01-16,15.37
2013-01-17,15.46
2013-01-18,15.43
2013-01-21,15.52
2013-01-22,15.31
2013-01-23,15.1
2013-01-24,14.35
2013-01-25,14.81
2013-01-28,14.72
2013-01-29,14.58
2013-01-30,14.5
2013-01-31,14.59
2013-02-01,14.53
2013-02-04,14.49
2013-02-05,14.34
2013-02-06,14.38
2013-02-07,14.18
2013-02-08,13.98
2013-02-11,14.08
2013-02-12,13.76
2013-02-13,13.6
2013-02-14,13.39
2013-02-15,13.49
2013-02-18,13.59
2013-02-19,13.8
2013-02-20,13.75
2013-02-21,13.36
2013-02-22,13.41
2013-02-25,13.25
2013-02-26,13.0
2013-02-27,13.14
2013-02-28,12.5
2013-03-01,12.38
2013-03-04,12.12
2013-03-05,12.4
2013-03-06,12.55
2013-03-07,12.64
2013-03-08,12.79
2013-03-11,12.81
2013-03-12,12.7
2013-03-13,12.54
2013-03-14,12.76
2013-03-15,12.61
2013-03-18,12.52
2013-03-19,12.22
2013-03-20,11.87
2013-03-21,11.62
2013-03-22,11.6
2013-03-25,11.51
2013-03-26,11.4
2013-03-28,11.72
2013-04-01,11.92
2013-04-02,12.22
2013-04-03,12.06
2013-04-04,11.82
2013-04-05,11.82
2013-04-08,11.82
2013-04-09,11.7
2013-04-10,11.85
2013-04-11,11.85
2013-04-12,11.95
2013-04-15,11.95
2013-04-16,12.22
2013-04-17,12.23
2013-04-18,12.37
2013-04-22,12.61
2013-04-23,12.54
2013-04-25,12.6
2013-04-26,12.45
2013-04-29,12.73
2013-04-30,12.69
2013-05-02,12.9
2013-05-03,12.87
2013-05-06,13.06
2013-05-07,13.17
2013-05-08,13.05
2013-05-09,12.91
2013-05-10,12.86
2013-05-11,12.9
2013-05-13,12.58
2013-05-14,12.45
2013-05-15,12.73
2013-05-16,12.76
2013-05-17,12.87
2013-05-20,12.8
2013-05-21,12.66
2013-05-22,12.54
2013-05-23,12.4
2013-05-24,12.59
2013-05-27,12.76
2013-05-28,12.84
2013-05-29,12.87
2013-05-30,12.87
2013-05-31,12.56
2013-06-03,12.86
2013-06-04,12.9
2013-06-05,13.01
2013-06-06,13.01
2013-06-07,12.84
2013-06-10,12.92
2013-06-11,12.66
2013-06-12,12.57
2013-06-13,12.27
2013-06-14,12.44
2013-06-17,12.54
2013-06-18,12.64
2013-06-19,12.75
2013-06-20,12.42
2013-06-21,12.19
2013-06-24,12.11
2013-06-25,12.1
2013-06-26,11.95
2013-06-27,12.01
2013-06-28,12.38
2013-07-01,12.77
2013-07-02,12.64
2013-07-03,12.34
2013-07-04,12.45
2013-07-05,12.49
2013-07-08,12.56
2013-07-09,12.73
2013-07-10,12.64
2013-07-11,12.77
2013-07-12,12.81
2013-07-15,12.97
2013-07-16,12.71
2013-07-17,12.55
2013-07-18,12.78
2013-07-19,12.71
2013-07-22,13.4
2013-07-23,13.45
2013-07-24,13.34
2013-07-25,13.21
2013-07-26,13.39
2013-07-29,13.26
2013-07-30,12.85
2013-07-31,12.95
2013-08-01,12.67
2013-08-02,12.36
2013-08-05,12.5
2013-08-06,12.16
2013-08-07,12.59
2013-08-08,12.76
2013-08-12,12.95
2013-08-13,13.37
2013-08-14,13.36
2013-08-16,12.79
2013-08-19,12.3
2013-08-20,12.39
2013-08-21,12.06
2013-08-22,12.45
2013-08-23,12.66
2013-08-26,12.73
2013-08-27,12.37
2013-08-28,12.35
2013-08-29,12.54
2013-08-30,12.31
2013-09-02,12.57
2013-09-03,12.22
2013-09-04,12.41
2013-09-05,12.64
2013-09-06,12.68
2013-09-10,12.83
2013-09-11,13.06
2013-09-12,12.94
2013-09-13,13.06
2013-09-16,12.97
2013-09-17,13.0
2013-09-18,13.04
2013-09-19,13.54
2013-09-20,13.44
2013-09-23,13.26
2013-09-24,13.33
2013-09-25,13.37
2013-09-26,13.32
2013-09-27,9.59
2013-09-30,9.45
2013-10-01,9.57
2013-10-03,9.8
2013-10-04,9.8
2013-10-07,9.91
2013-10-08,9.92
2013-10-09,10.02
2013-10-10,10.03
2013-10-11,10.05
2013-10-14,10.11
2013-10-15,9.96
2013-10-17,9.94
2013-10-18,10.15
2013-10-21,10.3
2013-10-22,10.37
2013-10-23,10.31
2013-10-24,10.3
2013-10-25,10.13
2013-10-28,10.06
2013-10-29,10.33
2013-10-30,10.35
2013-10-31,10.54
2013-11-01,10.75
2013-11-03,10.8
2013-11-05,10.9
2013-11-06,10.95
2013-11-07,10.81
2013-11-08,11.09
2013-11-11,10.99
2013-11-12,10.83
2013-11-13,10.78
2013-11-14,10.99
2013-11-18,11.16
2013-11-19,11.87
2013-11-20,11.78
2013-11-21,11.58
2013-11-22,11.75
2013-11-25,11.84
2013-11-26,11.91
2013-11-27,12.02
2013-11-28,12.14
2013-11-29,11.99
2013-12-02,12.06
2013-12-03,12.03
2013-12-04,11.92
2013-12-05,12.07
2013-12-06,12.15
2013-12-09,12.29
2013-12-10,12.27
2013-12-11,12.17
2013-12-12,12.06
2013-12-13,11.85
2013-12-16,11.93
2013-12-17,12.05
2013-12-18,12.32
2013-12-19,12.25
2013-12-20,12.49
2013-12-23,12.67
2013-12-24,12.73
2013-12-26,12.75
2013-12-27,12.83
2013-12-30,12.79
2013-12-31,12.86
2014-01-01,12.97
2014-01-02,12.64
2014-01-03,12.68
2014-01-06,12.76
2014-01-07,12.63
2014-01-08,12.67
2014-01-09,12.51
2014-01-10,12.38
2014-01-13,12.44
2014-01-14,12.48
2014-01-15,12.52
2014-01-16,12.5
2014-01-17,12.34
2014-01-20,12.52
2014-01-21,12.56
2014-01-22,12.61
2014-01-23,12.65
2014-01-24,12.38
2014-01-27,11.92
2014-01-28,11.9
2014-01-29,11.97
2014-01-30,11.76
2014-01-31,11.9
2014-02-03,11.88
2014-02-04,11.9
2014-02-05,11.95
2014-02-06,11.98
2014-02-07,12.08
2014-02-10,12.03
2014-02-11,12.02
2014-02-12,11.99
2014-02-13,11.76
2014-02-14,11.8
2014-02-17,11.81
2014-02-18,11.93
2014-02-19,11.97
2014-02-20,11.96
2014-02-21,12.49
2014-02-24,12.52
2014-02-25,12.52
2014-02-26,12.52
2014-02-28,13.51
2014-03-03,13.43
2014-03-04,13.66
2014-03-05,13.77
2014-03-06,14.04
2014-03-07,14.19
2014-03-10,14.28
2014-03-11,14.2
2014-03-12,14.17
2014-03-13,13.99
2014-03-14,14.07
2014-03-18,14.24
2014-03-19,14.33
2014-03-20,14.28
2014-03-21,14.41
2014-03-22,14.44
2014-03-24,14.52
2014-03-25,14.67
2014-03-26,14.72
2014-03-27,14.73
2014-03-28,12.73
2014-03-31,12.89
2014-04-01,12.83
2014-04-02,13.1
2014-04-03,12.98
2014-04-04,13.03
2014-04-07,13.0
2014-04-09,13.3
2014-04-10,13.55
2014-04-11,13.51
2014-04-15,13.36
2014-04-16,13.15
2014-04-17,13.45
2014-04-21,13.61
2014-04-22,13.53
2014-04-23,13.46
2014-04-25,13.45
2014-04-28,13.64
2014-04-29,13.49
2014-04-30,13.18
2014-05-02,13.21
2014-05-05,12.96
2014-05-06,13.01
2014-05-07,13.01
2014-05-08,12.93
2014-05-09,13.26
2014-05-12,13.5
2014-05-13,13.91
2014-05-14,14.34
2014-05-15,14.2
2014-05-16,14.7
2014-05-19,15.32
2014-05-20,15.38
2014-05-21,15.43
2014-05-22,15.69
2014-05-23,16.16
2014-05-26,15.73
2014-05-27,15.59
2014-05-28,15.65
2014-05-29,15.45
2014-05-30,15.33
2014-06-02,15.86
2014-06-03,15.97
2014-06-04,16.31
2014-06-05,16.68
2014-06-06,18.72
2014-06-09,19.09
2014-06-10,18.94
2014-06-11,18.51
2014-06-12,18.55
2014-06-13,17.88
2014-06-16,18.01
2014-06-17,18.32
2014-06-18,18.07
2014-06-19,17.89
2014-06-20,17.74
2014-06-23,17.92
2014-06-24,18.34
2014-06-25,18.39
2014-06-26,18.18
2014-06-27,18.27
2014-06-30,18.82
2014-07-01,18.84
2014-07-02,19.14
2014-07-03,19.09
2014-07-04,19.18
2014-07-07,19.19
2014-07-08,18.03
2014-07-09,17.61
2014-07-10,17.7
2014-07-11,16.91
2014-07-14,17.31
2014-07-15,17.81
2014-07-16,18.09
2014-07-17,18.37
2014-07-18,18.19
2014-07-21,18.27
2014-07-22,18.25
2014-07-23,18.21
2014-07-24,18.27
2014-07-25,17.84
2014-07-28,17.72
2014-07-30,17.92
2014-07-31,17.95
2014-08-01,17.9
2014-08-04,18.21
2014-08-05,18.36
2014-08-06,18.19
2014-08-07,18.27
2014-08-08,17.59
2014-08-11,17.74
2014-08-12,17.82
2014-08-13,17.34
2014-08-14,17.6
2014-08-18,17.98
2014-08-19,17.25
2014-08-20,17.19
2014-08-21,17.37
2014-08-22,17.52
2014-08-25,17.15
2014-08-26,17.12
2014-08-27,17.14
2014-08-28,17.0
2014-09-01,17.51
2014-09-02,17.6
2014-09-03,17.72
2014-09-04,17.71
2014-09-05,17.74
2014-09-08,18.02
2014-09-09,18.12
2014-09-10,18.1
2014-09-11,18.24
2014-09-12,18.25
2014-09-15,18.28
2014-09-16,17.46
2014-09-17,17.56
2014-09-18,18.01
2014-09-19,17.83
2014-09-22,17.78
2014-09-23,17.3
2014-09-24,17.05
2014-09-25,16.54
2014-09-26,16.05
2014-09-29,16.14
2014-09-30,16.11
2014-10-01,16.11
2014-10-07,15.97
2014-10-08,16.03
2014-10-09,16.35
2014-10-10,16.04
2014-10-13,16.13
2014-10-14,16.14
2014-10-16,15.64
2014-10-17,15.86
2014-10-20,16.15
2014-10-21,16.31
2014-10-22,16.48
2014-10-23,16.55
2014-10-27,16.41
2014-10-28,16.38
2014-10-29,16.42
2014-10-30,16.56
2014-10-31,16.91
2014-11-03,17.08
2014-11-05,17.01
2014-11-07,16.92
2014-11-10,16.86
2014-11-11,16.84
2014-11-12,16.92
2014-11-13,16.86
2014-11-14,17.06
2014-11-17,17.23
2014-11-18,17.39
2014-11-19,16.97
2014-11-20,16.84
2014-11-21,16.81
2014-11-24,16.95
2014-11-25,16.33
2014-11-26,16.46
2014-11-27,16.56
2014-11-28,16.84
2014-12-01,16.77
2014-12-02,16.97
2014-12-03,17.15
2014-12-04,17.19
2014-12-05,16.88
2014-12-08,16.64
2014-12-09,16.23
2014-12-10,16.45
2014-12-11,16.26
2014-12-12,15.97
2014-12-15,15.77
2014-12-16,15.3
2014-12-17,15.2
2014-12-18,15.78
2014-12-19,15.88
2014-12-22,16.04
2014-12-23,15.85
2014-12-24,15.87
2014-12-26,15.99
2014-12-29,16.16
2014-12-30,16.25
2014-12-31,16.34
2015-01-01,16.36
2015-01-02,16.49
2015-01-05,16.54
2015-01-06,15.88
2015-01-07,15.84
2015-01-08,16.23
2015-01-09,16.23
2015-01-12,16.41
2015-01-13,16.32
2015-01-14,16.24
2015-01-15,16.52
2015-01-16,16.64
2015-01-19,16.69
2015-01-20,16.72
2015-01-21,16.75
2015-01-22,16.7
2015-01-23,16.75
2015-01-27,16.77
2015-01-28,16.81
2015-01-29,17.03
2015-01-30,16.91
2015-02-02,17.03
2015-02-03,16.81
2015-02-04,16.52
2015-02-05,16.06
2015-02-06,15.87
2015-02-09,15.41
2015-02-10,15.48
2015-02-11,15.85
2015-02-12,16.04
2015-02-13,16.18
2015-02-16,16.08
2015-02-18,16.18
2015-02-19,16.13
2015-02-20,15.71
2015-02-23,15.64
2015-02-24,15.6
2015-02-25,15.62
2015-02-26,15.42
2015-02-27,15.82
2015-02-28,15.81
2015-03-02,16.09
2015-03-03,16.27
2015-03-04,15.91
2015-03-05,15.99
2015-03-09,15.77
2015-03-10,15.79
2015-03-11,15.75
2015-03-12,16.09
2015-03-13,15.73
2015-03-16,15.69
2015-03-17,15.88
2015-03-18,15.93
2015-03-19,15.8
2015-03-20,15.53
2015-03-23,15.46
2015-03-24,15.4
2015-03-25,15.38
2015-03-26,15.23
2015-03-27,14.15
2015-03-30,14.44
2015-03-31,14.42
2015-04-01,14.62
2015-04-06,14.64
2015-04-07,14.79
2015-04-08,14.88
2015-04-09,14.96
2015-04-10,15.15
2015-04-13,15.26
2015-04-15,15.11
2015-04-16,14.95
2015-04-17,14.81
2015-04-20,14.46
2015-04-21,14.38
2015-04-22,14.43
2015-04-23,14.37
2015-04-24,14.02
2015-04-27,13.67
2015-04-28,13.89
2015-04-29,13.91
2015-04-30,13.95
2015-05-04,14.31
2015-05-05,14.3
2015-05-06,13.61
2015-05-07,13.26
2015-05-08,13.53
2015-05-11,13.91
2015-05-12,13.54
2015-05-13,13.75
2015-05-14,14.0
2015-05-15,13.99
2015-05-18,14.32
2015-05-19,14.32
2015-05-20,14.36
2015-05-21,14.33
2015-05-22,14.33
2015-05-25,14.32
2015-05-26,14.24
2015-05-27,14.28
2015-05-28,14.31
2015-05-29,14.42
2015-06-01,15.49
2015-06-02,15.08
2015-06-03,15.3
2015-06-04,14.96
2015-06-05,15.37
2015-06-08,15.09
2015-06-09,15.1
2015-06-10,15.26
2015-06-11,14.91
2015-06-12,14.94
2015-06-15,14.99
2015-06-16,15.09
2015-06-17,15.23
2015-06-18,15.35
2015-06-19,15.5
2015-06-22,15.77
2015-06-23,15.88
2015-06-24,15.61
2015-06-25,15.72
2015-06-26,15.7
2015-06-29,15.41
2015-06-30,15.53
2015-07-01,15.84
2015-07-02,15.95
2015-07-03,15.92
2015-07-06,16.18
2015-07-07,16.31
2015-07-08,16.02
2015-07-09,16.07
2015-07-10,16.08
2015-07-13,16.29
2015-07-14,16.36
2015-07-15,16.37
2015-07-16,16.54
2015-07-17,16.62
2015-07-20,16.67
2015-07-21,16.36
2015-07-22,16.63
2015-07-23,16.72
2015-07-24,16.53
2015-07-27,16.21
2015-07-28,16.11
2015-07-29,16.22
2015-07-30,16.36
2015-07-31,16.53
2015-08-03,16.69
2015-08-04,16.91
2015-08-05,17.2
2015-08-06,17.37
2015-08-07,17.32
2015-08-10,17.14
2015-08-11,16.88
2015-08-12,16.37
2015-08-13,16.09
2015-08-14,15.63
2015-08-17,15.88
2015-08-18,15.98
2015-08-19,15.9
2015-08-20,15.52
2015-08-21,15.43
2015-08-24,13.75
2015-08-25,14.11
2015-08-26,14.1
2015-08-27,14.54
2015-08-28,14.52
2015-08-31,14.47
2015-09-01,14.07
2015-09-02,13.97
2015-09-03,14.16
2015-09-04,13.76
2015-09-07,13.55
2015-09-08,13.8
2015-09-09,14.13
2015-09-10,14.13
2015-09-11,14.13
2015-09-14,14.41
2015-09-15,14.29
2015-09-16,14.27
2015-09-18,14.39
2015-09-21,14.65
2015-09-22,14.39
2015-09-23,14.53
2015-09-24,14.58
2015-09-28,18.13
2015-09-29,18.12
2015-09-30,18.4
2015-10-01,18.4
2015-10-05,18.83
2015-10-06,19.0
2015-10-07,19.05
2015-10-08,18.94
2015-10-09,18.96
2015-10-12,18.99
2015-10-13,19.09
2015-10-14,19.08
2015-10-15,19.24
2015-10-16,19.35
2015-10-19,19.02
2015-10-20,19.08
2015-10-21,18.97
2015-10-23,18.96
2015-10-26,18.82
2015-10-27,18.75
2015-10-28,18.62
2015-10-29,18.47
2015-10-30,18.75
2015-11-02,18.71
2015-11-03,18.66
2015-11-04,18.58
2015-11-05,18.13
2015-11-06,17.91
2015-11-09,18.55
2015-11-10,18.29
2015-11-11,18.44
2015-11-13,19.16
2015-11-16,19.6
2015-11-17,20.26
2015-11-18,19.98
2015-11-19,20.24
2015-11-20,20.47
2015-11-23,20.69
2015-11-24,20.7
2015-11-26,20.9
2015-11-27,21.08
2015-11-30,21.2
2015-12-01,21.32
2015-12-02,21.24
2015-12-03,21.11
2015-12-04,21.3
2015-12-07,21.28
2015-12-08,20.89
2015-12-09,20.44
2015-12-10,20.73
2015-12-11,20.4
2015-12-14,20.45
2015-12-15,20.56
2015-12-16,20.68
2015-12-17,21.08
2015-12-18,21.05
2015-12-21,21.23
2015-12-22,21.07
2015-12-23,21.18
2015-12-24,21.37
2015-12-28,21.43
2015-12-29,21.68
2015-12-30,21.69
2015-12-31,21.84
2016-01-01,22.21
2016-01-04,21.91
2016-01-05,22.16
2016-01-06,22.04
2016-01-07,21.21
2016-01-08,21.5
2016-01-11,21.48
2016-01-12,21.22
2016-01-13,20.86
2016-01-14,20.49
2016-01-15,19.58
2016-01-18,18.98
2016-01-19,19.36
2016-01-20,18.84
2016-01-21,18.95
2016-01-22,19.53
2016-01-25,19.5
2016-01-27,19.6
2016-01-28,19.38
2016-01-29,19.57
2016-02-01,19.44
2016-02-02,19.03
2016-02-03,18.54
2016-02-04,18.38
2016-02-05,18.89
2016-02-08,18.94
2016-02-09,18.55
2016-02-10,19.38
2016-02-11,18.27
2016-02-12,18.02
2016-02-15,24.26
2016-02-16,23.4
2016-02-17,23.61
2016-02-18,23.65
2016-02-19,23.51
2016-02-22,23.64
2016-02-23,23.29
2016-02-24,23.11
2016-02-25,22.67
2016-02-26,22.78
2016-02-29,22.83
2016-03-01,23.67
2016-03-02,24.38
2016-03-03,24.72
2016-03-04,25.05
2016-03-08,25.11
2016-03-09,25.39
2016-03-10,25.22
2016-03-11,25.25
2016-03-14,25.31
2016-03-15,25.24
2016-03-16,25.15
2016-03-17,25.2
2016-03-18,25.55
2016-03-21,26.02
2016-03-22,26.23
2016-03-23,26.3
2016-03-28,25.9
2016-03-29,25.87
2016-03-30,26.47
2016-03-31,26.86
2016-04-01,27.42
2016-04-04,27.43
2016-04-05,26.81
2016-04-06,27.02
2016-04-07,26.7
2016-04-08,26.95
2016-04-11,27.39
2016-04-12,27.69
2016-04-13,28.09
2016-04-18,28.37
2016-04-20,28.54
2016-04-21,28.22
2016-04-22,28.34
2016-04-25,28.26
2016-04-26,28.6
2016-04-27,28.49
2016-04-28,27.92
2016-04-29,27.83
2016-05-02,27.98
2016-05-03,27.65
2016-05-04,29.7
2016-05-05,29.65
2016-05-06,29.91
2016-05-09,30.32
2016-05-10,30.08
2016-05-11,31.8
2016-05-12,32.01
2016-05-13,31.89
2016-05-16,33.28
2016-05-17,33.59
2016-05-18,35.42
2016-05-19,34.76
2016-05-20,34.52
2016-05-23,34.28
2016-05-24,39.57
2016-05-25,40.18
2016-05-26,51.15
2016-05-27,37.17
2016-05-30,43.4
2016-05-31,43.47
2016-06-01,47.55
2016-06-02,47.84
2016-06-03,47.33
2016-06-06,47.2
2016-06-07,47.63
2016-06-08,48.09
2016-06-09,47.86
2016-06-10,47.67
2016-06-13,47.35
2016-06-14,47.8
2016-06-15,48.13
2016-06-16,47.82
2016-06-17,47.86
2016-06-20,48.18
2016-06-21,48.22
2016-06-22,47.89
2016-06-23,47.94
2016-06-24,47.16
2016-06-27,47.65
2016-06-28,48.08
2016-06-29,48.63
2016-06-30,49.2
2016-07-01,49.84
2016-07-04,50.43
2016-07-05,50.41
2016-07-07,50.05
2016-07-08,49.78
2016-07-11,50.37
2016-07-12,50.65
2016-07-13,50.13
2016-07-14,50.45
2016-07-15,49.97
2016-07-18,49.5
2016-07-19,49.43
2016-07-20,50.16
2016-07-21,49.65
2016-07-22,50.33
2016-07-25,51.0
2016-07-26,50.63
2016-07-27,50.92
2016-07-28,51.99
2016-07-29,52.61
2016-08-01,52.93
2016-08-02,52.64
2016-08-03,51.59
2016-08-04,51.92
2016-08-05,52.83
2016-08-08,53.18
2016-08-09,52.95
2016-08-10,52.19
2016-08-11,52.3
2016-08-12,52.38
2016-08-16,52.71
2016-08-17,53.08
2016-08-18,53.41
2016-08-19,54.05
2016-08-22,53.54
2016-08-23,58.25
2016-08-24,58.68
2016-08-25,58.44
2016-08-26,62.5
2016-08-29,62.91
2016-08-30,67.39
2016-08-31,67.74
2016-09-01,67.34
2016-09-02,68.17
2016-09-06,68.86
2016-09-07,69.22
2016-09-08,69.73
2016-09-09,69.25
2016-09-12,70.38
2016-09-14,72.14
2016-09-15,72.14
2016-09-16,72.06
2016-09-19,72.82
2016-09-20,72.29
2016-09-21,71.78
2016-09-22,73.21
2016-09-23,73.47
2016-09-26,72.52
2016-09-27,72.67
2016-09-28,72.5
2016-09-29,69.51
2016-09-30,41.99
2016-10-03,42.74
2016-10-04,42.5
2016-10-05,42.5
2016-10-06,42.09
2016-10-07,42.2
2016-10-10,42.29
2016-10-13,41.49
2016-10-14,41.95
2016-10-17,41.06
2016-10-18,41.97
2016-10-19,41.98
2016-10-20,42.18
2016-10-21,42.38
2016-10-24,42.44
2016-10-25,43.5
2016-10-26,43.5
2016-10-27,43.23
2016-10-28,43.71
2016-10-30,43.82
2016-11-01,43.85
2016-11-02,42.8
2016-11-03,42.17
2016-11-04,41.62
2016-11-07,42.33
2016-11-08,35.59
2016-11-09,34.46
2016-11-10,36.13
2016-11-11,34.18
2016-11-15,31.61
2016-11-16,31.62
2016-11-17,31.8
2016-11-18,31.94
2016-11-21,30.69
2016-11-22,31.24
2016-11-23,31.21
2016-11-24,30.87
2016-11-25,31.0
2016-11-28,31.18
2016-11-29,31.36
2016-11-30,31.96
2016-12-01,31.45
2016-12-02,30.9
2016-12-05,31.24
2016-12-06,31.45
2016-12-07,31.23
2016-12-08,31.89
2016-12-09,32.23
2016-12-12,32.72
2016-12-13,32.75
2016-12-14,32.55
2016-12-15,32.73
2016-12-16,32.62
2016-12-19,32.93
2016-12-20,32.38
2016-12-21,32.44
2016-12-22,32.09
2016-12-23,32.0
2016-12-26,31.14
2016-12-27,31.75
2016-12-28,31.85
2016-12-29,32.44
2016-12-30,32.65
2017-01-02,32.94
2017-01-03,33.14
2017-01-04,33.17
2017-01-05,33.69
2017-01-06,33.58
2017-01-09,33.7
2017-01-10,33.79
2017-01-11,34.32
2017-01-12,34.29
2017-01-13,34.16
2017-01-16,34.3
2017-01-17,34.39
2017-01-18,34.55
2017-01-19,34.64
2017-01-20,33.84
2017-01-23,33.68
2017-01-24,32.51
2017-01-25,32.98
2017-01-27,34.19
2017-01-30,34.14
2017-01-31,33.57
2017-02-01,34.33
2017-02-02,34.94
2017-02-03,35.5
2017-02-06,35.66
2017-02-07,35.67
2017-02-08,36.0
2017-02-09,36.22
2017-02-10,36.27
2017-02-13,33.67
2017-02-14,33.66
2017-02-15,32.48
2017-02-16,33.15
2017-02-17,33.48
2017-02-20,34.72
2017-02-21,34.95
2017-02-22,34.58
2017-02-23,34.64
2017-02-27,34.28
2017-02-28,33.93
2017-03-01,34.03
2017-03-02,33.62
2017-03-03,33.92
2017-03-06,34.2
2017-03-07,34.19
2017-03-08,33.82
2017-03-09,33.85
2017-03-10,33.77
2017-03-14,34.33
2017-03-15,34.78
2017-03-16,35.37
2017-03-17,35.31
2017-03-20,35.45
2017-03-21,35.43
2017-03-22,34.88
2017-03-23,35.23
2017-03-24,35.38
2017-03-27,35.37
2017-03-28,35.53
2017-03-29,35.7
2017-03-30,35.67
2017-03-31,49.78
2017-04-03,50.24
2017-04-05,50.5
2017-04-06,50.48
2017-04-07,50.03
2017-04-10,50.38
2017-04-11,50.82
2017-04-12,50.29
2017-04-13,50.09
2017-04-17,50.34
2017-04-18,50.15
2017-04-19,50.55
2017-04-20,51.21
2017-04-21,51.17
2017-04-24,51.64
2017-04-25,52.12
2017-04-26,52.05
2017-04-27,52.33
2017-04-28,52.9
2017-05-02,53.22
2017-05-03,52.95
2017-05-04,53.26
2017-05-05,52.76
2017-05-08,53.11
2017-05-09,53.14
2017-05-10,53.35
2017-05-11,55.9
2017-05-12,55.44
2017-05-15,57.68
2017-05-16,58.67
2017-05-17,47.96
2017-05-18,46.28
2017-05-19,46.1
2017-05-22,45.43
2017-05-23,44.51
2017-05-24,43.77
2017-05-25,41.33
2017-05-26,44.19
2017-05-29,43.62
2017-05-30,53.76
2017-05-31,54.25
2017-06-01,54.82
2017-06-02,55.22
2017-06-05,55.42
2017-06-06,55.17
2017-06-07,55.57
2017-06-08,55.69
2017-06-09,55.58
2017-06-12,55.09
2017-06-13,57.1
2017-06-14,57.32
2017-06-15,57.51
2017-06-16,60.03
2017-06-19,59.91
2017-06-20,59.95
2017-06-21,59.96
2017-06-22,59.55
2017-06-23,62.9
2017-06-27,62.04
2017-06-28,62.29
2017-06-29,62.65
2017-06-30,62.93
2017-07-03,63.74
2017-07-04,63.63
2017-07-05,64.59
2017-07-06,64.62
2017-07-07,64.72
2017-07-10,65.43
2017-07-11,64.78
2017-07-12,65.59
2017-07-13,65.76
2017-07-14,66.07
2017-07-17,66.2
2017-07-18,65.9
2017-07-19,66.45
2017-07-20,66.02
2017-07-21,65.92
2017-07-24,66.1
2017-07-25,66.65
2017-07-26,66.79
2017-07-27,66.45
2017-07-28,67.02
2017-07-31,67.05
2017-08-01,66.84
2017-08-02,66.94
2017-08-03,65.32
2017-08-04,66.09
2017-08-07,66.77
2017-08-08,66.15
2017-08-09,65.02
2017-08-10,62.82
2017-08-11,62.7
2017-08-14,64.62
2017-08-16,65.45
2017-08-17,65.29
2017-08-18,64.99
2017-08-21,64.75
2017-08-22,67.26
2017-08-23,68.74
2017-08-24,71.43
2017-08-28,72.4
2017-08-29,71.48
2017-08-30,72.53
2017-08-31,72.79
2017-09-01,80.15
2017-09-04,79.4
2017-09-05,83.75
2017-09-06,84.04
2017-09-07,84.4
2017-09-08,84.46
2017-09-11,85.14
2017-09-12,86.36
2017-09-13,85.54
2017-09-14,86.33
2017-09-15,86.35
2017-09-18,87.21
2017-09-19,87.31
2017-09-20,87.06
2017-09-21,86.44
2017-09-22,83.72
2017-09-25,82.54
2017-09-26,83.19
2017-09-27,81.32
2017-09-28,81.62
2017-09-29,83.47
2017-10-03,84.03
2017-10-04,84.16
2017-10-05,84.72
2017-10-06,85.85
2017-10-09,85.97
2017-10-10,86.87
2017-10-11,85.82
2017-10-12,86.93
2017-10-13,86.78
2017-10-16,87.42
2017-10-17,87.72
2017-10-18,87.54
2017-10-19,86.87
2017-10-23,87.51
2017-10-24,86.81
2017-10-25,88.03
2017-10-26,88.54
2017-10-27,88.44
2017-10-30,88.82
2017-10-31,92.47
2017-11-01,92.3
2017-11-02,93.94
2017-11-03,95.33
2017-11-06,94.87
2017-11-07,93.14
2017-11-08,92.46
2017-11-09,109.42
2017-11-10,104.73
2017-11-13,102.36
2017-11-14,102.2
2017-11-15,101.05
2017-11-16,102.22
2017-11-17,103.06
2017-11-20,103.96
2017-11-21,113.82
2017-11-22,101.16
2017-11-23,102.29
2017-11-24,102.85
2017-11-27,103.88
2017-11-28,104.05
2017-11-29,103.54
2017-11-30,102.56
2017-12-01,101.3
2017-12-04,101.15
2017-12-05,101.45
2017-12-06,100.62
2017-12-07,102.24
2017-12-08,102.88
2017-12-11,103.83
2017-12-12,103.23
2017-12-13,101.94
2017-12-14,101.9
2017-12-15,103.25
2017-12-18,104.48
2017-12-19,106.26
2017-12-20,106.59
2017-12-21,107.64
2017-12-22,107.97
2017-12-26,108.46
2017-12-27,108.76
2017-12-28,108.87
2017-12-29,97.06
2018-01-01,96.93
2018-01-02,95.98
2018-01-03,96.59
2018-01-04,97.43
2018-01-05,98.74
2018-01-08,99.91
2018-01-09,99.37
2018-01-10,98.55
2018-01-11,99.18
2018-01-12,98.95
2018-01-15,98.91
2018-01-16,96.53
2018-01-17,97.4
2018-01-18,95.17
2018-01-19,88.29
2018-01-22,88.95
2018-01-23,89.08
2018-01-24,88.03
2018-01-25,86.51
2018-01-29,86.01
2018-01-30,82.56
2018-01-31,78.88
2018-02-01,80.03
2018-02-02,75.78
2018-02-05,74.53
2018-02-06,73.43
2018-02-07,73.91
2018-02-08,75.82
2018-02-09,84.69
2018-02-12,86.09
2018-02-14,85.23
2018-02-15,84.58
2018-02-16,80.79
2018-02-19,79.85
2018-02-20,79.75
2018-02-21,84.25
2018-02-22,83.84
2018-02-23,85.75
2018-02-26,88.23
2018-02-27,87.6
2018-02-28,86.94
2018-03-01,86.43
2018-03-05,85.49
2018-03-06,84.48
2018-03-07,82.93
2018-03-08,83.66
2018-03-09,83.04
2018-03-12,83.83
2018-03-13,83.93
2018-03-14,84.61
2018-03-15,84.78
2018-03-16,83.44
2018-03-19,93.06
2018-03-20,91.36
2018-03-21,91.43
2018-03-22,90.56
2018-03-23,89.09
2018-03-26,90.72
2018-03-27,92.23
2018-03-28,91.53
2018-04-02,61.06
2018-04-03,61.82
2018-04-04,61.13
2018-04-05,62.65
2018-04-06,63.09
2018-04-09,63.45
2018-04-10,63.61
2018-04-11,63.59
2018-04-12,63.5
2018-04-13,64.08
2018-04-16,65.01
2018-04-17,65.01
2018-04-18,64.84
2018-04-19,65.31
2018-04-20,64.97
2018-04-23,63.58
2018-04-24,63.44
2018-04-25,63.17
2018-04-26,63.42
2018-04-27,64.04
2018-04-30,61.02
2018-05-02,59.95
2018-05-03,59.14
2018-05-04,59.06
2018-05-07,59.72
2018-05-08,59.68
2018-05-09,59.16
2018-05-10,58.04
2018-05-11,58.44
2018-05-14,57.73
2018-05-15,57.11
2018-05-16,56.91
2018-05-17,57.02
2018-05-18,56.02
2018-05-21,54.9
2018-05-22,55.13
2018-05-23,54.77
2018-05-24,54.45
2018-05-25,55.81
2018-05-28,69.29
2018-05-29,68.77
2018-05-30,68.69
2018-05-31,68.07
2018-06-01,67.43
2018-06-04,66.8
2018-06-05,66.18
2018-06-06,67.04
2018-06-07,67.97
2018-06-08,68.32
2018-06-11,66.96
2018-06-12,67.58
2018-06-13,66.67
2018-06-14,66.76
2018-06-15,66.51
2018-06-18,66.26
2018-06-19,65.37
2018-06-20,61.88
2018-06-21,60.26
2018-06-22,60.48
2018-06-25,60.23
2018-06-26,60.18
2018-06-27,54.67
2018-06-28,53.52
2018-06-29,50.03
2018-07-02,49.98
2018-07-03,53.85
2018-07-04,71.33
2018-07-05,70.53
2018-07-06,71.16
2018-07-09,68.46
2018-07-10,68.88
2018-07-11,68.28
2018-07-12,67.93
2018-07-13,67.02
2018-07-16,65.16
2018-07-17,67.27
2018-07-18,66.15
2018-07-19,65.59
2018-07-20,66.1
2018-07-23,66.74
2018-07-24,67.49
2018-07-25,67.38
2018-07-26,67.96
2018-07-27,68.65
2018-07-30,68.84
2018-07-31,68.65
2018-08-01,68.45
2018-08-02,67.99
2018-08-03,68.56
2018-08-06,60.06
2018-08-07,59.7
2018-08-08,59.11
2018-08-09,68.49
2018-08-10,68.06
2018-08-13,67.37
2018-08-14,68.4
2018-08-16,68.45
2018-08-17,69.26
2018-08-20,70.08
2018-08-21,70.2
2018-08-23,70.12
2018-08-24,64.73
2018-08-27,64.7
2018-08-28,63.39
2018-08-29,64.02
2018-08-30,64.09
2018-08-31,63.44
2018-09-03,63.07
2018-09-04,61.12
2018-09-05,61.03
2018-09-06,60.89
2018-09-07,61.82
2018-09-10,60.48
2018-09-11,59.67
2018-09-12,60.05
2018-09-14,61.22
2018-09-17,60.87
2018-09-18,59.93
2018-09-19,59.53
2018-09-21,57.75
2018-09-24,56.43
2018-09-25,56.75
2018-09-26,57.14
2018-09-27,55.86
2018-09-28,70.43
2018-10-01,71.78
2018-10-03,70.85
2018-10-04,69.37
2018-10-05,67.15
2018-10-08,66.53
2018-10-09,66.56
2018-10-10,69.7
2018-10-11,67.56
2018-10-12,69.49
2018-10-15,69.97
2018-10-16,70.78
2018-10-17,69.1
2018-10-19,68.36
2018-10-22,67.75
2018-10-23,67.22
2018-10-24,68.28
2018-10-25,67.99
2018-10-26,67.53
2018-10-29,68.26
2018-10-30,67.76
2018-10-31,68.84
2018-11-01,69.24
2018-11-02,69.62
2018-11-05,69.4
2018-11-06,69.1
2018-11-07,69.42
2018-11-09,70.29
2018-11-12,69.3
2018-11-13,69.67
2018-11-14,69.94
2018-11-15,70.33
2018-11-16,70.02
2018-11-19,57.9
2018-11-20,56.28
2018-11-21,56.95
2018-11-22,57.75
2018-11-26,55.99
2018-11-27,53.78
2018-11-28,53.37
2018-11-29,53.6
2018-11-30,53.81
2018-12-03,54.21
2018-12-04,53.98
2018-12-05,52.98
2018-12-06,52.02
2018-12-07,52.13
2018-12-10,51.17
2018-12-11,52.12
2018-12-12,51.87
2018-12-13,52.08
2018-12-14,52.29
2018-12-17,52.65
2018-12-18,52.89
2018-12-19,53.79
2018-12-20,53.96
2018-12-21,52.84
2018-12-24,52.55
2018-12-26,52.63
2018-12-27,52.94
2018-12-28,50.85
2018-12-31,51.05
2019-01-01,51.01
2019-01-02,50.31
2019-01-03,49.75
2019-01-04,50.18
2019-01-07,50.2
2019-01-08,50.34
2019-01-09,50.34
2019-01-10,50.53
2019-01-11,50.47
2019-01-14,50.33
2019-01-15,50.7
2019-01-16,50.65
2019-01-17,50.5
2019-01-18,50.27
2019-01-21,44.51
2019-01-22,44.37
2019-01-23,44.21
2019-01-24,44.15
2019-01-25,43.42
2019-01-28,42.86
2019-01-29,43.2
2019-01-30,43.33
2019-01-31,43.59
2019-02-01,43.58
2019-02-04,43.18
2019-02-05,42.73
2019-02-06,42.64
2019-02-07,42.5
2019-02-08,41.68
2019-02-11,41.0
2019-02-12,41.35
2019-02-13,41.08
2019-02-14,41.36
2019-02-15,40.79
2019-02-18,40.42
2019-02-19,40.33
2019-02-20,40.43
2019-02-21,40.85
2019-02-22,41.09
2019-02-25,41.3
2019-02-26,41.19
2019-02-27,41.35
2019-02-28,41.54
2019-03-01,42.41
2019-03-05,43.3
2019-03-06,43.6
2019-03-07,43.38
2019-03-08,43.14
2019-03-11,44.04
2019-03-12,44.09
2019-03-13,43.79
2019-03-14,43.84
2019-03-15,44.22
2019-03-18,44.13
2019-03-19,44.49
2019-03-20,44.23
2019-03-22,43.9
2019-03-25,43.79
2019-03-26,44.43
2019-03-27,44.59
2019-03-28,45.05
2019-03-29,35.15
2019-04-01,35.28
2019-04-02,35.32
2019-04-03,34.86
2019-04-04,34.79
2019-04-05,35.15
2019-04-08,34.87
2019-04-09,35.08
2019-04-10,34.89
2019-04-11,34.82
2019-04-12,35.04
2019-04-15,35.19
2019-04-16,35.22
2019-04-18,34.84
2019-04-22,34.1
2019-04-23,34.12
2019-04-24,34.21
2019-04-25,34.02
2019-04-26,34.03
2019-04-30,33.65
2019-05-02,31.7
2019-05-03,31.82
2019-05-06,31.6
2019-05-07,31.16
2019-05-08,30.84
2019-05-09,30.86
2019-05-10,30.95
2019-05-13,30.16
2019-05-14,30.4
2019-05-15,30.16
2019-05-16,30.26
2019-05-17,30.72
2019-05-20,32.1
2019-05-21,31.37
2019-05-22,31.29
2019-05-23,29.87
2019-05-24,31.84
2019-05-27,32.37
2019-05-28,32.32
2019-05-29,31.96
2019-05-30,31.92
2019-05-31,31.83
2019-06-03,32.1
2019-06-04,32.14
2019-06-06,31.54
2019-06-07,31.56
2019-06-10,31.57
2019-06-11,31.81
2019-06-12,31.54
2019-06-13,31.41
2019-06-14,31.13
2019-06-17,30.73
2019-06-18,30.78
2019-06-19,30.5
2019-06-20,31.05
2019-06-21,30.88
2019-06-24,30.81
2019-06-25,31.05
2019-06-26,31.35
2019-06-27,31.47
2019-06-28,30.46
2019-07-01,30.59
2019-07-02,30.72
2019-07-03,30.88
2019-07-04,30.82
2019-07-05,30.25
2019-07-08,29.42
2019-07-09,29.59
2019-07-10,29.23
2019-07-11,29.44
2019-07-12,29.63
2019-07-15,29.34
2019-07-16,29.63
2019-07-17,29.58
2019-07-18,28.89
2019-07-19,28.16
2019-07-22,28.05
2019-07-23,27.82
2019-07-24,30.61
2019-07-25,30.71
2019-07-26,30.96
2019-07-29,30.62
2019-07-30,29.91
2019-07-31,30.48
2019-08-01,30.39
2019-08-02,30.34
2019-08-05,29.82
2019-08-06,30.39
2019-08-07,29.97
2019-08-08,30.69
2019-08-09,30.98
2019-08-13,30.16
2019-08-14,30.68
2019-08-16,31.23
2019-08-19,31.3
2019-08-20,31.0
2019-08-21,30.46
2019-08-22,29.87
2019-08-23,30.49
2019-08-26,31.02
2019-08-27,31.18
2019-08-28,30.71
2019-08-29,30.59
2019-08-30,30.89
2019-09-03,30.26
2019-09-04,29.84
2019-09-05,28.62
2019-09-06,28.95
2019-09-09,29.35
2019-09-11,29.54
2019-09-12,29.41
2019-09-13,29.55
2019-09-16,29.38
2019-09-17,28.75
2019-09-18,28.8
2019-09-19,28.31
2019-09-20,30.13
2019-09-23,31.0
2019-09-24,30.82
2019-09-25,28.65
2019-09-26,28.94
2019-09-27,21.3
2019-09-30,20.98
2019-10-01,20.56
2019-10-03,20.55
2019-10-04,20.24
2019-10-07,20.16
2019-10-09,20.57
2019-10-10,20.32
2019-10-11,20.32
2019-10-14,20.39
2019-10-15,20.49
2019-10-16,20.42
2019-10-17,20.86
2019-10-18,21.32
2019-10-22,21.29
2019-10-23,21.3
2019-10-24,21.23
2019-10-25,21.24
2019-10-27,21.32
2019-10-29,21.68
2019-10-30,21.87
2019-10-31,22.16
2019-11-01,22.24
2019-11-04,22.23
2019-11-05,21.94
2019-11-06,21.95
2019-11-07,22.1
2019-11-08,21.94
2019-11-11,22.08
2019-11-13,21.65
2019-11-14,21.76
2019-11-15,21.88
2019-11-18,22.08
2019-11-19,22.12
2019-11-20,22.22
2019-11-21,21.97
2019-11-22,21.98
2019-11-25,22.27
2019-11-26,22.08
2019-11-27,22.3
2019-11-28,22.62
2019-11-29,22.48
2019-12-02,22.32
2019-12-03,21.99
2019-12-04,22.14
2019-12-05,22.1
2019-12-06,21.69
2019-12-09,21.73
2019-12-10,21.44
2019-12-11,21.62
2019-12-12,21.88
2019-12-13,22.09
2019-12-16,22.42
2019-12-17,22.58
2019-12-18,22.48
2019-12-19,22.56
2019-12-20,22.58
2019-12-23,22.52
2019-12-24,22.5
2019-12-26,22.47
2019-12-27,23.31
2019-12-30,23.45
2019-12-31,23.44
2020-01-01,23.5
2020-01-02,23.92
2020-01-03,23.72
2020-01-06,23.14
2020-01-07,23.31
2020-01-08,23.37
2020-01-09,23.77
2020-01-10,23.88
2020-01-13,24.07
2020-01-14,24.26
2020-01-15,24.55
2020-01-16,24.78
2020-01-17,24.87
2020-01-20,24.7
2020-01-21,24.53
2020-01-22,24.44
2020-01-23,25.01
2020-01-24,25.17
2020-01-27,25.04
2020-01-28,24.94
2020-01-29,24.9
2020-01-30,24.93
2020-01-31,24.63
2020-02-01,23.86
2020-02-03,24.46
2020-02-04,24.17
2020-02-05,24.13
2020-02-06,24.34
2020-02-07,24.35
2020-02-10,24.02
2020-02-11,24.54
2020-02-12,24.55
2020-02-13,24.37
2020-02-14,24.65
2020-02-17,24.51
2020-02-18,24.39
2020-02-19,24.78
2020-02-20,24.9
2020-02-24,24.32
2020-02-25,24.29
2020-02-26,23.98
2020-02-27,23.76
2020-02-28,22.83
2020-03-02,22.58
2020-03-03,23.05
2020-03-04,22.74
2020-03-05,22.78
2020-03-06,22.13
2020-03-09,21.01
2020-03-11,20.84
2020-03-12,19.07
2020-03-13,19.81
2020-03-16,18.43
2020-03-17,17.99
2020-03-18,17.03
2020-03-19,16.36
2020-03-20,17.27
2020-03-23,14.7
2020-03-24,15.06
2020-03-25,15.74
2020-03-26,16.29
2020-03-27,16.23
2020-03-30,15.8
2020-03-31,16.1
2020-04-01,15.66
2020-04-03,15.37
2020-04-07,16.36
2020-04-08,16.64
2020-04-09,17.31
2020-04-13,17.06
2020-04-15,17.3
2020-04-16,17.71
2020-04-17,18.19
2020-04-20,18.22
2020-04-21,17.57
2020-04-22,17.82
2020-04-23,18.07
2020-04-24,17.56
2020-04-27,17.87
2020-04-28,18.2
2020-04-29,18.47
2020-04-30,18.84
2020-05-04,17.96
2020-05-05,17.81
2020-05-06,18.05
2020-05-07,17.93
2020-05-08,18.03
2020-05-11,18.18
2020-05-12,18.08
2020-05-13,18.59
2020-05-14,18.48
2020-05-15,18.33
2020-05-18,17.55
2020-05-19,17.75
2020-05-20,18.02
2020-05-21,18.18
2020-05-22,18.01
2020-05-26,18.27
2020-05-27,17.76
2020-05-28,18.05
2020-05-29,18.41
2020-06-01,18.99
2020-06-02,19.2
2020-06-03,19.19
2020-06-04,19.19
2020-06-05,19.64
2020-06-08,19.68
2020-06-09,19.63
2020-06-10,19.89
2020-06-11,19.65
2020-06-12,20.01
2020-06-15,19.67
2020-06-16,20.76
2020-06-17,20.81
2020-06-18,21.07
2020-06-19,21.72
2020-06-22,22.15
2020-06-23,22.56
2020-06-24,22.14
2020-06-25,22.23
2020-10-30,216.87
2020-11-02,217.33
2020-11-03,159.21
2020-11-04,155.49
2020-11-05,159.19
2020-11-06,153.0
2020-11-09,165.74
2020-11-10,136.16
2020-11-11,136.94
2020-11-12,139.93
2020-11-13,153.61
2020-11-14,154.18
2020-11-17,159.9
2020-11-18,162.91
2020-11-19,161.97
2020-11-20,163.38
2020-11-23,165.67
2020-11-24,167.06
2020-11-25,168.5
2020-11-26,170.94
2020-11-27,175.56
2020-12-01,176.6
2020-12-02,177.32
2020-12-03,178.97
2020-12-04,179.92
2020-12-07,181.81
2020-12-08,182.47
2020-12-09,183.28
2020-12-10,181.39
2020-12-11,181.98
2020-12-14,183.47
2020-12-15,184.89
2020-12-16,187.15
2020-12-17,186.43
2020-12-18,185.74
2020-12-21,175.44
2020-12-22,177.4
2020-12-23,182.44
2020-12-24,181.93
2020-12-28,184.51
2020-12-29,184.24
2020-12-30,184.76
2020-12-31,186.09
2021-01-01,205.4
2021-01-04,209.55
2021-01-05,211.45
2021-01-06,213.18
2021-01-07,217.62
2021-01-08,220.0
2021-01-11,219.21
2021-01-12,221.55
2021-01-13,220.09
2021-01-14,220.28
2021-01-15,218.13
2021-01-18,212.48
2021-01-19,218.84
2021-01-20,218.54
2021-01-21,215.32
2021-01-22,215.34
2021-01-25,162.59
2021-01-27,159.58
2021-01-28,158.98
2021-01-29,152.74
2021-02-01,173.54
2021-02-02,120.04
2021-02-03,122.19
2021-02-04,123.66
2021-02-05,117.78
2021-02-08,106.15
2021-02-09,108.57
2021-02-10,108.63
2021-02-11,109.71
2021-02-12,108.62
2021-02-15,108.39
2021-02-16,109.3
2021-02-17,109.65
2021-02-18,109.96
2021-02-19,107.43
2021-02-22,105.81
2021-02-23,107.36
2021-02-24,108.19
2021-02-25,110.48
2021-02-26,107.89
2021-03-01,109.75
2021-03-02,111.64
2021-03-03,113.52
2021-03-04,113.74
2021-03-05,110.56
2021-03-08,110.76
2021-03-09,110.03
2021-03-10,111.07
2021-03-12,110.56
2021-03-15,109.96
2021-03-16,110.12
2021-03-17,107.02
2021-03-18,105.57
2021-03-19,107.2
2021-03-22,107.9
2021-03-23,108.94
2021-03-24,106.27
2021-03-25,103.99
2021-03-26,106.06
2021-03-30,107.34
2021-03-31,48.42
2021-04-01,49.46
2021-04-05,48.39
2021-04-06,48.73
2021-04-07,49.39
2021-04-08,49.63
2021-04-09,49.38
2021-04-12,45.88
2021-04-13,47.17
2021-04-15,46.92
2021-04-16,47.28
2021-04-19,46.04
2021-04-20,46.24
2021-04-22,46.51
2021-04-23,46.55
2021-04-26,46.92
2021-04-27,47.64
2021-04-28,48.23
2021-04-29,48.17
2021-04-30,47.88
2021-05-03,45.65
2021-05-04,45.64
2021-05-05,46.49
2021-05-06,47.19
2021-05-07,46.77
2021-05-10,47.43
2021-05-11,47.52
2021-05-12,46.89
2021-05-14,46.08
2021-05-17,44.68
2021-05-18,45.18
2021-05-19,44.54
2021-05-20,40.44
2021-05-21,40.54
2021-05-24,37.86
2021-05-25,38.0
2021-05-26,37.81
2021-05-27,38.07
2021-05-28,38.11
2021-05-31,38.01
2021-06-01,37.05
2021-06-02,37.65
2021-06-03,38.0
2021-06-04,38.34
2021-06-07,38.86
2021-06-08,37.67
2021-06-09,36.58
2021-06-10,37.09
2021-06-11,37.17
2021-06-14,37.01
2021-06-15,36.2
2021-06-16,35.8
2021-06-17,32.84
2021-06-18,32.46
2021-06-21,32.74
2021-06-22,32.43
2021-06-23,32.39
2021-06-24,32.0
2021-06-25,32.55
2021-06-28,32.73
2021-06-29,32.28
2021-06-30,32.39
2021-07-01,32.26
2021-07-02,32.26
2021-07-05,30.67
2021-07-06,30.64
2021-07-07,30.92
2021-07-08,30.69
2021-07-09,30.94
2021-07-12,31.11
2021-07-13,31.19
2021-07-14,31.24
2021-07-15,31.24
2021-07-16,31.39
2021-07-19,31.07
2021-07-20,30.54
2021-07-22,30.89
2021-07-23,30.83
2021-07-26,30.73
2021-07-27,30.58
2021-07-28,31.89
2021-07-29,31.86
2021-07-30,31.98
2021-08-02,32.72
2021-08-03,33.16
2021-08-04,33.48
2021-08-05,33.51
2021-08-06,33.23
2021-08-09,32.54
2021-08-10,28.23
2021-08-11,28.31
2021-08-12,27.62
2021-08-13,27.33
2021-08-16,26.45
2021-08-17,21.75
2021-08-18,21.76
2021-08-20,21.09
2021-08-23,20.94
2021-08-24,21.32
2021-08-25,21.3
2021-08-26,21.25
2021-08-27,21.44
2021-08-30,21.79
2021-08-31,21.79
2021-09-01,22.03
2021-09-02,22.33
2021-09-03,22.46
2021-09-06,22.53
2021-09-07,22.58
2021-09-08,22.68
2021-09-09,22.74
2021-09-13,22.84
2021-09-14,23.28
2021-09-15,23.59
2021-09-16,23.78
2021-09-17,23.5
2021-09-20,22.91
2021-09-21,23.09
2021-09-22,23.72
2021-09-23,24.02
2021-09-24,23.77
2021-09-27,23.85
2021-09-28,23.72
2021-09-29,23.98
2021-09-30,32.88
2021-10-01,32.82
2021-10-04,33.42
2021-10-05,33.65
2021-10-06,33.2
2021-10-07,33.97
2021-10-08,34.13
2021-10-11,34.38
2021-10-12,34.67
2021-10-13,35.16
2021-10-14,35.49
2021-10-18,35.98
2021-10-19,35.18
2021-10-20,34.51
2021-10-21,34.39
2021-10-22,34.21
2021-10-25,33.84
2021-10-26,34.31
2021-10-27,34.12
2021-10-28,33.19
2021-10-29,30.73
2021-11-01,30.95
2021-11-02,30.86
2021-11-03,30.66
2021-11-04,30.88
2021-11-08,31.14
2021-11-09,31.39
2021-11-10,31.22
2021-11-11,30.91
2021-11-12,31.06
2021-11-15,30.53
2021-11-16,30.21
2021-11-17,30.04
2021-11-18,29.53
2021-11-22,28.66
2021-11-23,29.2
2021-11-24,29.05
2021-11-25,29.18
2021-11-26,28.07
2021-11-29,27.64
2021-11-30,27.68
2021-12-01,28.07
2021-12-02,28.41
2021-12-03,28.41
2021-12-06,28.06
2021-12-07,28.43
2021-12-08,28.92
2021-12-09,29.05
2021-12-10,29.25
2021-12-13,29.18
2021-12-14,29.05
2021-12-15,28.81
2021-12-16,28.69
2021-12-17,27.95
2021-12-20,26.88
2021-12-21,27.27
2021-12-22,27.73
2021-12-23,28.0
2021-12-24,27.69
2021-12-27,27.74
2021-12-28,28.07
2021-12-29,28.09
2021-12-30,28.06
2021-12-31,28.51
2022-01-03,28.89
2022-01-04,29.01
2022-01-05,29.05
2022-01-06,29.13
2022-01-07,29.31
2022-01-10,29.57
2022-01-11,29.61
2022-01-12,29.96
2022-01-13,30.15
2022-01-14,30.13
2022-01-17,30.12
2022-01-18,29.44
2022-01-19,29.37
2022-01-20,29.27
2022-01-21,28.54
2022-01-24,27.39
2022-01-25,28.49
2022-01-27,28.36
2022-01-28,28.55
2022-01-31,28.52
2022-02-01,28.77
2022-02-02,29.12
2022-02-03,28.78
2022-02-04,28.12
2022-02-07,27.78
2022-02-08,26.99
2022-02-09,27.43
2022-02-10,27.57
2022-02-11,26.67
2022-02-14,25.45
2022-02-15,25.94
2022-02-16,25.97
2022-02-17,25.88
2022-02-18,25.65
2022-02-21,25.45
2022-02-22,25.24
2022-02-23,25.32
2022-02-24,23.76
2022-02-25,24.81
2022-02-28,25.05
2022-03-02,25.0
2022-03-03,24.8
2022-03-04,24.23
2022-03-07,23.69
2022-03-08,24.07
2022-03-09,24.61
2022-03-10,24.78
2022-03-11,24.95
2022-03-14,25.04
2022-03-15,24.83
2022-03-16,25.33
2022-03-17,25.69
2022-03-21,25.51
2022-03-22,25.62
2022-03-23,25.75
2022-03-24,25.94
2022-03-25,25.84
2022-03-28,25.71
2022-03-29,25.81
2022-03-30,26.08
2022-03-31,22.24
2022-04-01,22.58
2022-04-04,22.9
2022-04-05,23.15
2022-04-06,23.27
2022-04-07,23.13
2022-04-08,23.34
2022-04-11,23.42
2022-04-12,23.01
2022-04-13,22.98
2022-04-18,22.7
2022-04-19,22.43
2022-04-20,22.54
2022-04-21,22.79
2022-04-22,22.56
2022-04-25,22.04
2022-04-26,22.45
2022-04-27,22.24
2022-04-28,22.37
2022-04-29,22.1
2022-05-02,21.82
2022-05-04,20.88
2022-05-05,20.87
2022-05-06,20.47
2022-05-09,19.97
2022-05-10,19.29
2022-05-11,19.2
2022-05-12,18.83
2022-05-13,18.87
2022-05-16,19.15
2022-05-17,19.46
2022-05-18,19.41
2022-05-19,18.86
2022-05-20,19.09
2022-05-23,19.27
2022-05-24,18.83
2022-05-25,18.55
2022-05-26,18.79
2022-05-27,18.96
2022-05-30,19.38
2022-05-31,19.46
2022-06-01,19.48
2022-06-02,19.63
2022-06-03,19.39
2022-06-06,19.3
2022-06-07,19.16
2022-06-08,19.12
2022-06-09,19.21
2022-06-10,19.08
2022-06-13,18.5
2022-06-14,18.52
2022-06-15,18.6
2022-06-16,18.15
2022-06-17,18.05
2022-06-20,17.73
2022-06-21,18.24
2022-06-22,17.96
2022-06-23,18.19
2022-06-24,18.45
2022-06-27,18.64
2022-06-28,18.66
2022-06-29,18.56
2022-06-30,18.44
2022-07-01,18.58
2022-07-04,18.75
2022-07-05,18.7
2022-07-06,19.1
2022-07-07,19.33
2022-07-08,19.37
2022-07-11,19.43
2022-07-12,19.27
2022-07-13,19.36
2022-07-14,19.33
2022-07-15,19.5
2022-07-18,19.7
2022-07-19,19.82
2022-07-20,19.86
2022-07-21,20.15
2022-07-22,20.14
2022-07-25,20.12
2022-07-26,19.84
2022-07-27,19.82
2022-07-28,19.86
2022-07-29,20.1
2022-08-01,19.63
2022-08-02,19.35
2022-08-03,19.13
2022-08-04,19.13
2022-08-05,19.16
2022-08-08,18.86
2022-08-10,21.33
2022-08-11,21.46
2022-08-12,21.54
2022-08-16,21.64
2022-08-17,21.73
2022-08-18,21.8
2022-08-19,21.53
2022-08-22,21.08
2022-08-23,21.33
2022-08-24,21.49
2022-08-25,21.52
2022-08-26,21.63
2022-08-29,21.42
2022-08-30,21.88
2022-09-01,21.99
2022-09-02,21.96
2022-09-05,22.07
2022-09-06,22.12
2022-09-07,22.25
2022-09-08,22.28
2022-09-09,22.34
2022-09-12,22.56
2022-09-13,22.58
2022-09-14,22.49
2022-09-15,22.59
2022-09-16,21.92
2022-09-19,21.92
2022-09-20,22.2
2022-09-21,22.06
2022-09-22,22.15
2022-09-23,21.55
2022-09-26,20.9
2022-09-27,20.92
2022-09-28,20.82
2022-09-29,20.92
2022-09-30,21.71
2022-10-03,21.43
2022-10-04,22.1
2022-10-06,22.35
2022-10-07,22.3
2022-10-10,22.1
2022-10-11,21.73
2022-10-12,21.9
2022-10-13,21.7
2022-10-14,21.69
2022-10-17,21.85
2022-10-18,22.04
2022-10-19,22.0
2022-10-20,21.86
2022-10-21,21.79
2022-10-24,21.89
2022-10-25,21.38
2022-10-27,21.55
2022-10-28,21.49
2022-10-31,21.75
2022-11-01,21.93
2022-11-02,22.01
2022-11-03,22.09
2022-11-04,23.43
2022-11-07,23.65
2022-11-09,23.47
2022-11-10,23.25
2022-11-11,23.27
2022-11-14,23.97
2022-11-15,24.22
2022-11-16,24.04
2022-11-17,24.0
2022-11-18,23.79
2022-11-21,23.77
2022-11-22,23.9
2022-11-23,24.02
2022-11-24,24.14
2022-11-25,24.38
2022-11-28,24.51
2022-11-29,24.39
2022-11-30,24.65
2022-12-01,24.86
2022-12-02,25.03
2022-12-05,25.09
2022-12-06,24.96
2022-12-07,24.82
2022-12-08,24.98
2022-12-09,24.82
2022-12-12,24.94
2022-12-13,25.04
2022-12-14,25.24
2022-12-15,25.0
2022-12-16,24.58
2022-12-19,24.74
2022-12-20,24.66
2022-12-21,24.32
2022-12-22,24.19
2022-12-23,23.38
2022-12-26,23.92
2022-12-27,24.15
2022-12-28,24.21
2022-12-29,24.21
2022-12-30,24.3
2023-01-02,24.49
2023-01-03,24.55
2023-01-04,24.28
2023-01-05,24.46
2023-01-06,24.3
2023-01-09,24.51
2023-01-10,24.39
2023-01-11,24.39
2023-01-12,24.29
2023-01-13,24.29
2023-01-16,24.17
2023-01-17,23.92
2023-01-18,24.08
2023-01-19,24.06
2023-01-20,23.79
2023-01-23,23.93
2023-01-24,23.44
2023-01-25,23.08
2023-01-27,22.7
2023-01-30,22.73
2023-01-31,23.22
2023-02-01,22.99
2023-02-02,22.6
2023-02-03,22.54
2023-02-06,22.7
2023-02-07,22.75
2023-02-08,23.08
2023-02-09,23.12
2023-02-10,23.04
2023-02-13,23.08
2023-02-14,23.29
2023-02-15,23.82
2023-02-16,24.01
2023-02-17,22.58
2023-02-20,22.55
2023-02-21,22.45
2023-02-22,22.2
2023-02-23,22.17
2023-02-24,22.08
2023-02-27,21.93
2023-02-28,22.03
2023-03-01,22.32
2023-03-02,22.27
2023-03-03,22.46
2023-03-06,22.61
2023-03-08,22.78
2023-03-09,22.64
2023-03-10,22.47
2023-03-13,22.03
2023-03-14,21.94
2023-03-15,21.91
2023-03-16,22.02
2023-03-17,22.11
2023-03-20,21.86
2023-03-21,21.97
2023-03-22,22.02
2023-03-23,21.88
2023-03-24,21.58
2023-03-27,21.51
2023-03-28,21.44
2023-03-29,21.81
2023-03-31,21.63
2023-04-03,21.71
2023-04-05,21.71
2023-04-06,21.85
2023-04-10,21.93
2023-04-11,21.99
2023-04-12,22.09
2023-04-13,22.17
2023-04-17,22.23
2023-04-18,22.41
2023-04-19,22.37
2023-04-20,22.4
2023-04-21,22.32
2023-04-24,22.47
2023-04-25,22.53
2023-04-26,22.58
2023-04-27,22.61
2023-04-28,22.89
2023-05-02,22.97
2023-05-03,22.83
2023-05-04,22.98
2023-05-05,22.71
2023-05-08,23.0
2023-05-09,22.81
2023-05-10,22.82
2023-05-11,22.91
2023-05-12,22.57
2023-05-15,22.79
2023-05-16,22.46
2023-05-17,22.38
2023-05-18,22.39
2023-05-19,22.2
2023-05-22,22.35
2023-05-23,22.51
2023-05-24,22.46
2023-05-25,22.56
2023-05-26,22.66
2023-05-29,22.72
2023-05-30,22.63
2023-05-31,22.71
2023-06-01,22.76
2023-06-02,22.93
2023-06-05,22.95
2023-06-06,22.92
2023-06-07,23.11
2023-06-08,22.88
2023-06-09,22.85
2023-06-12,23.04
2023-06-13,23.32
2023-06-14,23.38
2023-06-15,23.34
2023-06-16,23.52
2023-06-19,23.54
2023-06-20,23.7
2023-06-21,23.87
2023-06-22,23.59
2023-06-23,23.34
2023-06-26,23.52
2023-06-27,23.67
2023-06-28,23.89
2023-06-30,24.03
2023-07-03,24.06
2023-07-04,24.01
2023-07-05,24.18
2023-07-06,24.35
2023-07-07,24.12
2023-07-10,24.05
2023-07-11,24.31
2023-07-12,24.39
2023-07-13,23.84
2023-07-14,24.2
2023-07-17,24.1
2023-07-18,24.13
2023-07-19,24.33
2023-07-20,24.34
2023-07-21,24.31
2023-07-24,24.33
2023-07-25,24.21
2023-07-26,24.3
2023-07-27,24.45
2023-07-28,24.44
2023-07-31,24.49
2023-08-01,24.39
2023-08-02,23.97
2023-08-03,23.98
2023-08-04,20.67
2023-08-07,20.58
2023-08-08,20.45
2023-08-09,20.55
2023-08-10,20.57
2023-08-11,20.49
2023-08-14,20.5
2023-08-16,20.52
2023-08-17,20.59
2023-08-18,20.49
2023-08-21,20.64
2023-08-22,20.6
2023-08-23,20.73
2023-08-24,20.83
2023-08-25,20.62
2023-08-28,20.61
2023-08-29,20.68
2023-08-30,20.85
2023-08-31,20.76
2023-09-01,20.91
2023-09-04,21.03
2023-09-05,21.24
2023-09-06,21.3
2023-09-07,21.39
2023-09-08,21.63
2023-09-11,21.77
2023-09-12,21.14
2023-09-13,21.27
2023-09-14,21.51
2023-09-15,21.61
2023-09-18,21.53
2023-09-20,21.53
2023-09-21,21.36
2023-09-22,21.34
2023-09-25,21.54
2023-09-26,21.45
2023-09-27,21.64
2023-09-28,21.27
2023-09-29,21.99
2023-10-03,21.98
2023-10-04,21.68
2023-10-05,21.69
2023-10-06,21.86
2023-10-09,21.62
2023-10-10,21.91
2023-10-11,21.98
2023-10-12,22.06
2023-10-13,22.02
2023-10-16,22.05
2023-10-17,22.08
2023-10-18,21.71
2023-10-19,21.54
2023-10-20,21.18
2023-10-23,20.86
2023-10-25,20.73
2023-10-26,20.41
2023-10-27,20.63
2023-10-30,20.6
2023-10-31,20.64
2023-11-01,20.59
2023-11-02,20.65
2023-11-03,20.81
2023-11-06,20.72
2023-11-07,20.62
2023-11-08,19.3
2023-11-09,19.34
2023-11-10,19.43
2023-11-12,19.56
2023-11-13,19.16
2023-11-15,19.05
2023-11-16,19.21
2023-11-17,19.26
2023-11-20,19.28
2023-11-21,19.33
2023-11-22,19.31
2023-11-23,19.34
2023-11-24,19.34
2023-11-28,19.46
2023-11-29,19.59
2023-11-30,19.73
2023-12-01,19.95
2023-12-04,20.16
2023-12-05,20.23
2023-12-06,20.3
2023-12-07,20.43
2023-12-08,20.42
2023-12-11,20.52
2023-12-12,20.46
2023-12-13,20.73
2023-12-14,21.03
2023-12-15,21.07
2023-12-18,21.09
2023-12-19,20.99
2023-12-20,20.31
2023-12-21,20.65
2023-12-22,20.76
2023-12-26,20.87
2023-12-27,20.94
2023-12-28,21.13
2023-12-29,21.41
2024-01-01,21.54
2024-01-02,21.5
2024-01-03,21.54
2024-01-04,21.92
2024-01-05,21.93
2024-01-08,21.65
2024-01-09,21.59
2024-01-10,21.56
2024-01-11,21.62
2024-01-12,21.75
2024-01-15,21.93
2024-01-16,21.82
2024-01-17,21.54
2024-01-18,21.55
2024-01-19,21.82
2024-01-20,21.86
2024-01-23,21.17
2024-01-24,21.67
2024-01-25,21.41
2024-01-29,21.64
2024-01-30,21.4
2024-01-31,21.56
2024-02-01,21.4
2024-02-02,21.6
2024-02-05,21.93
2024-02-06,22.03
2024-02-07,22.07
2024-02-08,22.13
2024-02-09,21.84
2024-02-12,21.12
2024-02-13,20.98
2024-02-14,21.15
2024-02-15,21.38
2024-02-16,21.57
2024-02-19,21.47
2024-02-20,21.41
2024-02-21,21.15
2024-02-22,21.37
2024-02-23,21.53
2024-02-26,21.4
2024-02-27,21.32
2024-02-28,20.84
2024-02-29,21.03
2024-03-01,21.27
2024-03-02,21.39
2024-03-04,21.51
2024-03-05,21.4
2024-03-06,21.29
2024-03-07,21.34
2024-03-11,21.23
2024-03-12,20.99
2024-03-13,20.18
2024-03-14,20.51
2024-03-15,20.42
2024-03-18,20.2
2024-03-19,19.86
2024-03-20,19.85
2024-03-21,20.36
2024-03-22,20.4
2024-03-26,20.62
2024-03-27,20.59
2024-03-28,33.17
2024-04-01,33.77
2024-04-02,34.14
2024-04-03,34.2
2024-04-04,34.17
2024-04-05,34.26
2024-04-08,34.21
2024-04-09,34.17
2024-04-10,34.55
2024-04-12,34.43
2024-04-15,33.92
2024-04-16,33.74
2024-04-18,33.54
2024-04-19,33.32
2024-04-22,33.53
2024-04-23,33.71
2024-04-24,34.0
2024-04-25,34.12
2024-04-26,34.48
2024-04-29,34.42
2024-04-30,34.31
2024-05-02,34.41
2024-05-03,34.36
2024-05-06,34.16
2024-05-07,33.44
2024-05-08,33.76
2024-05-09,33.2
2024-05-10,33.53
2024-05-13,34.24
2024-05-14,34.45
2024-05-15,35.25
2024-05-16,35.49
2024-05-17,35.77
2024-05-18,35.95
2024-05-21,36.18
2024-05-22,36.53
2024-05-23,36.68
2024-05-24,36.43
2024-05-27,36.71
2024-05-28,36.22
2024-05-29,36.16
2024-05-30,35.86
2024-05-31,41.41
2024-06-03,42.42
2024-06-04,39.13
2024-06-05,41.1
2024-06-06,41.86
2024-06-07,42.51
2024-06-10,42.3
2024-06-11,42.66
2024-06-12,43.26
2024-06-13,43.64
2024-06-14,44.05
2024-06-18,44.24
2024-06-19,43.82
2024-06-20,44.32
2024-06-21,44.34
2024-06-24,44.57
2024-06-25,44.44
2024-06-26,44.26
2024-06-27,44.39
2024-06-28,44.27
2024-07-01,44.64
2024-07-02,44.27
2024-07-03,44.7
2024-07-04,45.02
2024-07-05,45.36
2024-07-08,45.06
2024-07-09,45.16
2024-07-10,44.93
2024-07-11,44.98
2024-07-12,44.95
2024-07-15,45.32
2024-07-16,45.36
2024-07-18,44.99
2024-07-19,43.79
2024-07-22,44.48
2024-07-23,44.19
2024-07-24,44.38
2024-07-25,44.22
2024-07-26,44.81
2024-07-29,45.16
2024-07-30,49.07
2024-07-31,49.81
2024-08-01,49.27
2024-08-02,48.01
2024-08-05,46.36
2024-08-06,46.71
2024-08-07,47.97
2024-08-08,47.73
2024-08-09,47.8
2024-08-12,47.95
2024-08-13,47.03
2024-08-14,46.64
2024-08-16,47.0
2024-08-19,47.04
2024-08-20,47.43
2024-08-21,47.57
2024-08-22,47.95
2024-08-23,47.63
2024-08-26,47.9
2024-08-27,47.97
2024-08-28,47.98
2024-08-29,47.77
2024-08-30,47.82
2024-09-02,47.73
2024-09-03,47.91
2024-09-04,47.84
2024-09-05,48.06
2024-09-06,47.23
2024-09-09,46.98
2024-09-10,47.65
2024-09-11,47.61
2024-09-12,48.22
2024-09-13,48.56
2024-09-16,48.6
2024-09-17,48.57
2024-09-18,48.01
2024-09-19,47.72
2024-09-20,48.24
2024-09-23,48.69
2024-09-24,48.88
2024-09-25,48.66
2024-09-26,48.76
2024-09-27,48.88
2024-09-30,50.95
2024-10-01,51.16
2024-10-03,49.99
2024-10-04,49.46
2024-10-07,48.69
2024-10-08,49.52
2024-10-09,49.94
2024-10-10,49.01
2024-10-11,49.13
2024-10-14,49.42
2024-10-15,49.54
2024-10-16,49.54
2024-10-17,48.68
2024-10-18,48.86
2024-10-21,47.86
2024-10-22,46.6
2024-10-23,46.68
2024-10-24,45.86
2024-10-25,44.84
2024-10-28,44.97
2024-10-29,49.1
2024-10-30,49.01
2024-10-31,48.4
2024-11-01,48.75
2024-11-04,48.28
2024-11-05,48.55
2024-11-06,49.69
2024-11-07,49.3
2024-11-08,48.66
2024-11-11,47.8
2024-11-12,47.17
2024-11-13,46.18
2024-11-14,46.39
2024-11-18,46.44
2024-11-19,45.97
2024-11-21,45.92
2024-11-22,46.48
2024-11-25,47.24
2024-11-26,47.31
2024-11-27,47.59
2024-11-28,47.39
2024-11-29,47.49
2024-12-02,48.18
2024-12-03,48.58
2024-12-04,49.06
2024-12-05,49.23
2024-12-06,49.38
2024-12-09,49.65
2024-12-10,49.87
2024-12-11,50.03
2024-12-12,49.81
2024-12-13,49.79
2024-12-16,50.14
2024-12-17,49.89
2024-12-18,49.56
2024-12-19,49.38
2024-12-20,48.05
2024-12-23,48.27
2024-12-24,48.19
2024-12-26,48.3
2024-12-27,48.16
2024-12-30,48.5
2024-12-31,50.0
2025-01-01,50.25
2025-01-02,50.84
2025-01-03,50.65
2025-01-06,49.3
2025-01-07,49.67
2025-01-08,49.12
2025-01-09,48.75
2025-01-10,47.79
2025-01-13,45.86
2025-01-14,46.86
2025-01-15,47.07
2025-01-16,47.27
2025-01-17,47.29
2025-01-20,47.86
2025-01-21,46.69
2025-01-22,45.9
2025-01-23,46.63
2025-01-24,45.86
2025-01-27,42.27
2025-01-28,41.65
2025-01-29,42.69
2025-01-30,42.3
2025-01-31,42.94
2025-02-01,42.87
2025-02-03,40.85
2025-02-04,41.52
2025-02-05,41.79
2025-02-06,41.2
2025-02-07,41.31
2025-02-10,40.4
2025-02-11,39.23
2025-02-12,39.13
2025-02-13,39.2
2025-02-14,38.04
2025-02-17,38.23
2025-02-18,38.23
2025-02-19,39.01
2025-02-20,39.45
2025-02-21,38.95
2025-02-24,38.62
2025-02-25,38.4
2025-02-27,38.07
2025-02-28,37.29
2025-03-03,37.46
2025-03-04,37.44
2025-03-05,38.38
2025-03-06,38.51
2025-03-07,38.34
2025-03-10,37.75
2025-03-11,38.1
2025-03-12,37.85
2025-03-13,37.55
2025-03-17,37.88
2025-03-18,38.67
2025-03-19,39.63
2025-03-20,39.88
2025-03-21,40.27
2025-03-24,40.82
2025-03-25,40.35
2025-03-26,40.1
2025-03-27,40.17
2025-03-28,39.22
2025-04-01,38.84
2025-04-02,39.5
2025-04-03,39.48
2025-04-04,38.35
2025-04-07,37.05
2025-04-08,37.88
2025-04-09,37.79
2025-04-11,38.43
2025-04-15,39.49
2025-04-16,39.69
2025-04-17,39.94
2025-04-21,40.92
2025-04-22,41.35
2025-04-23,41.64
2025-04-24,41.47
2025-04-25,40.47
2025-04-28,41.2
2025-04-29,41.64
2025-04-30,38.62
2025-05-02,38.25
2025-05-05,38.88
2025-05-06,38.09
2025-05-07,38.74
2025-05-08,37.63
2025-05-09,37.58
2025-05-12,39.14
2025-05-13,39.13
2025-05-14,39.38
2025-05-15,39.59
2025-05-16,39.8
2025-05-19,39.81
2025-05-20,38.76
2025-05-21,38.84
2025-05-22,38.34
2025-05-23,38.53
2025-05-26,38.98
2025-05-27,38.89
2025-05-28,38.79
2025-05-29,39.06
2025-05-30,38.96
2025-06-02,39.18
2025-06-03,38.58
2025-06-04,38.93
2025-06-05,39.17
2025-06-06,39.81
2025-06-09,40.25
2025-06-10,40.24
2025-06-11,40.08
2025-06-12,39.49
2025-06-13,39.38
2025-06-16,39.75
2025-06-17,39.51
2025-06-18,39.32
2025-06-19,38.68
2025-06-20,39.29
2025-06-23,39.45
2025-06-24,39.78
2025-06-25,39.96
2025-06-26,40.23
2025-06-27,40.26
2025-06-30,40.48
2025-07-01,40.49
2025-07-02,40.46
2025-07-03,40.51
2025-07-04,40.46
2025-07-07,40.39
2025-07-08,40.31
2025-07-09,40.24
2025-07-10,40.05
2025-07-11,39.59
2025-07-14,39.92
2025-07-15,40.31
2025-07-16,40.29
2025-07-17,40.23
2025-07-18,39.98
2025-07-21,40.12
2025-07-22,39.81
2025-07-23,40.03
2025-07-24,39.04
2025-07-25,38.35
2025-07-28,38.19
2025-07-29,38.43
2025-07-30,38.39
2025-07-31,37.97
2025-08-01,37.39
2025-08-04,37.96
2025-08-05,37.78
2025-08-06,37.5
2025-08-07,37.58
2025-08-08,37.02
2025-08-11,35.91
2025-08-12,35.85
2025-08-13,36.18
2025-08-14,35.99
2025-08-18,36.28
2025-08-19,36.64
2025-08-20,36.84
2025-08-21,36.67
2025-08-22,36.65
2025-08-25,36.71
2025-08-26,36.01
2025-08-28,35.55
2025-08-29,35.32
2025-09-01,36.04
2025-09-02,36.12
2025-09-03,36.31
2025-09-04,36.12
2025-09-05,36.17
2025-09-08,36.33
2025-09-09,36.43
2025-09-10,36.78
2025-09-11,36.81
2025-09-12,36.93
2025-09-15,37.1
2025-09-16,37.31
2025-09-17,37.31
2025-09-18,37.44
2025-09-19,37.39
2025-09-22,37.11
2025-09-23,37.06
2025-09-24,36.67
2025-09-25,36.42
2025-09-26,35.74
2025-09-29,35.85
2025-09-30,32.97
2025-10-01,33.26
2025-10-03,33.5
2025-10-06,33.92
2025-10-07,34.07
2025-10-08,33.82
2025-10-09,34.17
2025-10-10,34.36
2025-10-13,34.44
2025-10-14,34.12
2025-10-15,34.43
2025-10-16,34.57
2025-10-17,34.37
2025-10-20,35.34
2025-10-21,35.34
2025-10-23,35.31
2025-10-24,35.2
2025-10-27,35.44
2025-10-28,35.44
2025-10-29,35.77
2025-10-30,35.81
2025-10-31,34.48
2025-11-03,34.74
2025-11-04,34.52
2025-11-06,34.04
2025-11-07,33.55
2025-11-10,33.66
2025-11-11,33.85
2025-11-12,34.13
2025-11-13,34.03
2025-11-14,33.94
2025-11-17,34.17
2025-11-18,33.8
2025-11-19,33.86
2025-11-20,33.77
2025-11-21,33.43
2025-11-24,33.22
2025-11-25,33.4
2025-11-26,33.86
2025-11-27,33.91
2025-11-28,33.92
