date,pe,pb,div_yield
2015-11-30,30.49,0.8,0.85
2015-12-01,30.61,0.8,0.85
2015-12-02,30.65,0.8,0.85
2015-12-03,30.75,0.81,0.85
2015-12-04,30.29,0.8,0.86
2015-12-07,30.48,0.8,0.85
2015-12-08,29.23,0.77,0.89
2015-12-09,28.87,0.76,0.9
2015-12-10,29.36,0.77,0.89
2015-12-11,28.53,0.75,0.91
2015-12-14,28.47,0.75,0.91
2015-12-15,28.72,0.75,0.91
2015-12-16,29.05,0.76,0.9
2015-12-17,29.45,0.77,0.88
2015-12-18,29.52,0.78,0.88
2015-12-21,29.88,0.78,0.87
2015-12-22,29.83,0.78,0.87
2015-12-23,30.19,0.79,0.86
2015-12-24,30.08,0.79,0.87
2015-12-28,30.24,0.79,0.86
2015-12-29,29.84,0.78,0.87
2015-12-30,29.84,0.78,0.87
2015-12-31,30.38,0.8,0.86
2016-01-01,30.95,0.81,0.84
2016-01-04,30.34,0.8,0.86
2016-01-05,30.9,0.81,0.84
2016-01-06,30.55,0.8,0.85
2016-01-07,29.03,0.76,0.9
2016-01-08,29.81,0.78,0.87
2016-01-11,29.88,0.78,0.87
2016-01-12,29.35,0.77,0.89
2016-01-13,29.06,0.76,0.9
2016-01-14,28.59,0.75,0.91
2016-01-15,27.29,0.72,0.95
2016-01-18,26.3,0.69,0.99
2016-01-19,26.79,0.7,0.97
2016-01-20,25.88,0.68,1.01
2016-01-21,25.98,0.68,1.0
2016-01-22,26.38,0.69,0.98
2016-01-25,26.43,0.7,0.98
2016-01-27,26.65,0.7,0.97
2016-01-28,26.44,0.7,0.98
2016-01-29,26.85,0.71,0.96
2016-02-01,26.9,0.71,0.96
2016-02-02,26.34,0.7,0.98
2016-02-03,25.56,0.68,1.01
2016-02-04,24.41,0.67,1.02
2016-02-05,24.77,0.68,1.0
2016-02-08,24.86,0.68,1.0
2016-02-09,24.45,0.67,1.02
2016-02-10,23.56,0.65,1.06
2016-02-11,22.14,0.61,1.12
2016-02-12,25.38,0.6,1.14
2016-02-15,25.5,0.64,1.07
2016-02-16,24.65,0.62,1.11
2016-02-17,24.84,0.62,1.1
2016-02-18,24.92,0.62,1.1
2016-02-19,24.95,0.62,1.1
2016-02-22,25.0,0.62,1.09
2016-02-23,24.32,0.61,1.12
2016-02-24,24.24,0.61,1.13
2016-02-25,23.72,0.59,1.15
2016-02-26,24.22,0.6,1.13
2016-02-29,24.26,0.6,1.13
2016-03-01,25.45,0.63,1.08
2016-03-02,26.89,0.67,1.02
2016-03-03,27.21,0.68,1.01
2016-03-04,27.49,0.68,1.0
2016-03-08,27.76,0.69,0.99
2016-03-09,28.19,0.7,0.97
2016-03-10,27.93,0.69,0.98
2016-03-11,27.79,0.69,0.99
2016-03-14,27.72,0.69,0.99
2016-03-15,27.73,0.69,0.99
2016-03-16,27.56,0.68,0.99
2016-03-17,27.29,0.68,1.0
2016-03-18,27.81,0.69,0.98
2016-03-21,28.35,0.7,0.97
2016-03-22,29.17,0.72,0.94
2016-03-23,29.13,0.72,0.94
2016-03-28,27.79,0.69,0.99
2016-03-29,27.91,0.69,0.98
2016-03-30,28.99,0.72,0.94
2016-03-31,29.15,0.72,0.94
2016-04-01,30.04,0.75,0.91
2016-04-04,29.83,0.74,0.92
2016-04-05,28.95,0.72,0.95
2016-04-06,29.34,0.73,0.93
2016-04-07,29.25,0.73,0.94
2016-04-08,29.62,0.74,0.92
2016-04-11,30.1,0.75,0.91
2016-04-12,30.14,0.75,0.91
2016-04-13,30.64,0.76,0.89
2016-04-18,32.1,0.8,0.85
2016-04-20,31.99,0.79,0.86
2016-04-21,31.43,0.78,0.87
2016-04-22,31.36,0.78,0.87
2016-04-25,31.18,0.77,0.88
2016-04-26,31.71,0.79,0.86
2016-04-27,31.74,0.79,0.87
2016-04-28,32.26,0.8,0.85
2016-04-29,33.1,0.81,0.84
2016-05-02,32.48,0.8,0.85
2016-05-03,32.5,0.8,0.85
2016-05-04,31.7,0.78,0.87
2016-05-05,31.96,0.79,0.86
2016-05-06,32.19,0.79,0.86
2016-05-09,32.82,0.81,0.84
2016-05-10,32.97,0.81,0.84
2016-05-11,32.61,0.8,0.85
2016-05-12,33.09,0.81,0.83
2016-05-13,32.28,0.79,0.86
2016-05-16,32.74,0.81,0.84
2016-05-17,31.79,0.81,0.84
2016-05-18,32.52,0.83,0.82
2016-05-19,32.23,0.82,0.83
2016-05-20,31.81,0.81,0.84
2016-05-23,31.5,0.8,0.84
2016-05-24,31.92,0.8,0.85
2016-05-25,32.46,0.82,0.83
2016-05-26,33.17,0.83,0.81
2016-05-27,33.82,0.85,0.79
2016-05-30,26.45,0.84,0.8
2016-05-31,26.67,0.84,0.79
2016-06-01,35.11,0.85,0.79
2016-06-02,35.16,0.85,0.79
2016-06-03,35.65,0.84,0.8
2016-06-06,35.98,0.85,0.79
2016-06-07,36.66,0.86,0.78
2016-06-08,36.73,0.86,0.78
2016-06-09,36.79,0.87,0.77
2016-06-10,36.47,0.86,0.78
2016-06-13,35.87,0.84,0.79
2016-06-14,36.33,0.86,0.78
2016-06-15,36.49,0.86,0.78
2016-06-16,36.22,0.85,0.79
2016-06-17,37.59,0.89,0.76
2016-06-20,37.98,0.89,0.75
2016-06-21,38.14,0.9,0.75
2016-06-22,38.19,0.9,0.75
2016-06-23,37.75,0.89,0.75
2016-06-24,36.21,0.85,0.79
2016-06-27,36.77,0.87,0.77
2016-06-28,37.15,0.87,0.77
2016-06-29,38.27,0.9,0.74
2016-06-30,39.2,0.92,0.73
2016-07-01,39.43,0.93,0.72
2016-07-04,40.34,0.95,0.71
2016-07-05,40.16,0.95,0.71
2016-07-07,39.95,0.94,0.71
2016-07-08,39.78,0.94,0.72
2016-07-11,40.55,0.95,0.7
2016-07-12,41.1,0.97,0.69
2016-07-13,40.43,0.95,0.7
2016-07-14,40.3,0.95,0.71
2016-07-15,40.08,0.94,0.71
2016-07-18,39.59,0.93,0.72
2016-07-19,39.4,0.93,0.72
2016-07-20,40.45,0.95,0.7
2016-07-21,40.01,0.94,0.71
2016-07-22,40.31,0.95,0.71
2016-07-25,40.91,0.96,0.7
2016-07-26,40.38,0.95,0.7
2016-07-27,40.28,0.95,0.63
2016-07-28,40.67,0.96,0.62
2016-07-29,40.6,0.95,0.62
2016-08-01,40.63,0.95,0.62
2016-08-02,40.13,0.94,0.63
2016-08-03,39.56,0.93,0.64
2016-08-04,40.51,0.95,0.62
2016-08-05,41.47,0.97,0.61
2016-08-08,41.82,0.98,0.61
2016-08-09,41.98,0.99,0.6
2016-08-10,41.36,0.97,0.61
2016-08-11,41.13,0.96,0.58
2016-08-12,40.93,0.95,0.58
2016-08-16,40.65,0.95,0.58
2016-08-17,40.87,0.95,0.58
2016-08-18,41.38,0.96,0.57
2016-08-19,41.15,0.95,0.58
2016-08-22,41.16,0.95,0.58
2016-08-23,41.03,0.95,0.58
2016-08-24,41.13,0.95,0.58
2016-08-25,40.85,0.95,0.58
2016-08-26,40.79,0.92,0.59
2016-08-29,40.8,0.92,0.59
2016-08-30,41.15,0.93,0.59
2016-08-31,40.67,0.92,0.6
2016-09-01,39.81,0.9,0.61
2016-09-02,40.12,0.91,0.6
2016-09-06,40.76,0.92,0.59
2016-09-07,41.04,0.93,0.59
2016-09-08,42.21,0.96,0.57
2016-09-09,42.47,0.96,0.57
2016-09-12,40.36,0.91,0.6
2016-09-14,40.37,0.91,0.6
2016-09-15,40.28,0.91,0.6
2016-09-16,40.67,0.92,0.58
2016-09-19,41.27,0.93,0.57
2016-09-20,40.59,0.92,0.58
2016-09-21,40.53,0.92,0.58
2016-09-22,42.2,0.93,0.57
2016-09-23,42.53,0.94,0.57
2016-09-26,41.52,0.92,0.58
2016-09-27,41.9,0.91,0.58
2016-09-28,42.81,0.93,0.57
2016-09-29,39.49,0.86,0.61
2016-09-30,38.14,0.9,0.59
2016-10-03,39.98,0.92,0.57
2016-10-04,40.13,0.93,0.57
2016-10-05,40.72,0.94,0.56
2016-10-06,40.26,0.93,0.57
2016-10-07,40.4,0.93,0.57
2016-10-10,39.74,0.91,0.57
2016-10-13,38.96,0.89,0.59
2016-10-14,39.29,0.9,0.58
2016-10-17,38.75,0.89,0.59
2016-10-18,39.22,0.9,0.58
2016-10-19,39.13,0.9,0.59
2016-10-20,39.78,0.91,0.58
2016-10-21,39.96,0.92,0.57
2016-10-24,40.33,0.92,0.57
2016-10-25,39.62,0.92,0.57
2016-10-26,40.8,0.92,0.57
2016-10-27,40.68,0.91,0.58
2016-10-28,41.24,0.92,0.57
2016-10-30,41.37,0.92,0.57
2016-11-01,40.96,0.92,0.57
2016-11-02,39.86,0.89,0.59
2016-11-03,39.4,0.88,0.6
2016-11-04,37.74,0.86,0.61
2016-11-07,38.22,0.87,0.6
2016-11-08,38.28,0.87,0.6
2016-11-09,33.72,0.77,0.68
2016-11-10,33.82,0.78,0.67
2016-11-11,32.09,0.74,0.71
2016-11-15,30.55,0.7,0.75
2016-11-16,30.14,0.7,0.76
2016-11-17,30.63,0.71,0.75
2016-11-18,31.02,0.72,0.74
2016-11-21,29.41,0.68,0.78
2016-11-22,30.29,0.7,0.76
2016-11-23,31.17,0.72,0.73
2016-11-24,30.76,0.71,0.74
2016-11-25,31.12,0.73,0.73
2016-11-28,31.69,0.74,0.72
2016-11-29,31.89,0.75,0.71
2016-11-30,31.9,0.75,0.71
2016-12-01,31.61,0.74,0.72
2016-12-02,31.03,0.73,0.73
2016-12-05,31.14,0.73,0.73
2016-12-06,31.7,0.74,0.72
2016-12-07,31.32,0.73,0.73
2016-12-08,31.79,0.74,0.72
2016-12-09,32.95,0.76,0.7
2016-12-12,32.66,0.75,0.71
2016-12-13,32.27,0.74,0.72
2016-12-14,32.4,0.75,0.71
2016-12-15,32.48,0.75,0.71
2016-12-16,33.31,0.75,0.71
2016-12-19,32.09,0.74,0.72
2016-12-20,32.08,0.74,0.72
2016-12-21,32.42,0.75,0.71
2016-12-22,33.63,0.74,0.72
2016-12-23,33.19,0.73,0.72
2016-12-26,31.99,0.71,0.75
2016-12-27,32.2,0.71,0.75
2016-12-28,32.55,0.72,0.74
2016-12-29,32.9,0.73,0.73
2016-12-30,33.34,0.74,0.72
2017-01-02,34.8,0.77,0.69
2017-01-03,34.96,0.77,0.69
2017-01-04,35.74,0.79,0.67
2017-01-05,36.14,0.8,0.67
2017-01-06,35.84,0.79,0.67
2017-01-09,36.15,0.8,0.67
2017-01-10,35.91,0.8,0.67
2017-01-11,36.19,0.8,0.66
2017-01-12,36.09,0.8,0.67
2017-01-13,36.06,0.8,0.67
2017-01-16,36.54,0.81,0.66
2017-01-17,36.67,0.81,0.66
2017-01-18,36.69,0.81,0.66
2017-01-19,36.82,0.81,0.66
2017-01-20,36.0,0.79,0.67
2017-01-23,36.25,0.8,0.67
2017-01-24,36.38,0.8,0.67
2017-01-25,37.05,0.81,0.65
2017-01-27,36.94,0.81,0.66
2017-01-30,38.79,0.81,0.66
2017-01-31,38.54,0.8,0.66
2017-02-01,40.45,0.84,0.63
2017-02-02,40.51,0.84,0.63
2017-02-03,40.87,0.85,0.63
2017-02-06,40.5,0.87,0.61
2017-02-07,40.28,0.86,0.62
2017-02-08,40.58,0.87,0.61
2017-02-09,40.97,0.88,0.61
2017-02-10,40.94,0.87,0.61
2017-02-13,40.51,0.87,0.61
2017-02-14,40.22,0.86,0.62
2017-02-15,43.67,0.83,0.64
2017-02-16,44.48,0.84,0.63
2017-02-17,44.55,0.84,0.63
2017-02-20,44.57,0.86,0.62
2017-02-21,44.76,0.86,0.62
2017-02-22,37.46,0.86,0.62
2017-02-23,37.75,0.87,0.61
2017-02-27,38.52,0.86,0.61
2017-02-28,38.98,0.87,0.6
2017-03-01,40.5,0.91,0.58
2017-03-02,38.79,0.87,0.61
2017-03-03,39.17,0.88,0.6
2017-03-06,39.52,0.88,0.6
2017-03-07,39.85,0.89,0.59
2017-03-08,39.29,0.88,0.6
2017-03-09,39.22,0.88,0.6
2017-03-10,39.19,0.88,0.6
2017-03-14,40.2,0.9,0.59
2017-03-15,40.31,0.9,0.58
2017-03-16,40.81,0.91,0.58
2017-03-17,41.12,0.92,0.57
2017-03-20,40.96,0.92,0.57
2017-03-21,41.61,0.93,0.57
2017-03-22,41.87,0.94,0.56
2017-03-23,41.96,0.94,0.56
2017-03-24,42.14,0.94,0.56
2017-03-27,42.12,0.94,0.56
2017-03-28,41.94,0.94,0.56
2017-03-29,41.79,0.94,0.56
2017-03-30,42.56,0.95,0.55
2017-03-31,42.49,0.95,0.55
2017-04-03,43.31,0.97,0.54
2017-04-05,44.65,1.0,0.53
2017-04-06,45.06,1.01,0.52
2017-04-07,44.39,0.99,0.53
2017-04-10,44.15,0.99,0.53
2017-04-11,44.69,1.0,0.53
2017-04-12,44.75,1.0,0.53
2017-04-13,45.07,1.01,0.52
2017-04-17,48.69,1.09,0.48
2017-04-18,47.04,1.05,0.5
2017-04-19,47.73,1.07,0.49
2017-04-20,48.74,1.09,0.48
2017-04-21,49.91,1.12,0.47
2017-04-24,51.11,1.14,0.46
2017-04-25,51.88,1.16,0.45
2017-04-26,50.34,1.13,0.47
2017-04-27,50.53,1.13,0.47
2017-04-28,49.62,1.11,0.47
2017-05-02,50.54,1.13,0.47
2017-05-03,51.31,1.15,0.46
2017-05-04,50.87,1.14,0.46
2017-05-05,50.4,1.13,0.47
2017-05-08,52.52,1.18,0.45
2017-05-09,52.75,1.18,0.45
2017-05-10,52.81,1.18,0.45
2017-05-11,52.94,1.19,0.44
2017-05-12,53.27,1.19,0.44
2017-05-15,53.68,1.2,0.44
2017-05-16,54.33,1.21,0.43
2017-05-17,54.87,1.21,0.44
2017-05-18,53.08,1.17,0.45
2017-05-19,53.04,1.17,0.45
2017-05-22,52.26,1.15,0.46
2017-05-23,50.82,1.12,0.47
2017-05-24,50.02,1.1,0.48
2017-05-25,51.07,1.13,0.47
2017-05-26,50.6,1.13,0.47
2017-05-29,48.43,1.08,0.49
2017-05-30,48.92,1.09,0.49
2017-05-31,48.86,1.11,0.48
2017-06-01,48.92,1.11,0.48
2017-06-02,49.56,1.12,0.48
2017-06-05,50.78,1.15,0.47
2017-06-06,50.09,1.13,0.47
2017-06-07,50.15,1.14,0.47
2017-06-08,50.05,1.13,0.47
2017-06-09,51.51,1.17,0.46
2017-06-12,51.39,1.16,0.46
2017-06-13,51.78,1.17,0.46
2017-06-14,52.47,1.19,0.45
2017-06-15,53.61,1.21,0.44
2017-06-16,53.75,1.22,0.44
2017-06-19,67.57,1.21,0.44
2017-06-20,60.87,1.22,0.44
2017-06-21,61.2,1.22,0.44
2017-06-22,60.24,1.2,0.44
2017-06-23,59.26,1.18,0.45
2017-06-27,58.49,1.17,0.46
2017-06-28,58.96,1.18,0.45
2017-06-29,59.51,1.19,0.45
2017-06-30,59.26,1.18,0.45
2017-07-03,60.08,1.2,0.45
2017-07-04,59.78,1.19,0.45
2017-07-05,60.7,1.21,0.44
2017-07-06,61.77,1.23,0.43
2017-07-07,62.86,1.26,0.43
2017-07-10,63.32,1.26,0.42
2017-07-11,62.35,1.25,0.43
2017-07-12,62.46,1.25,0.43
2017-07-13,62.61,1.25,0.43
2017-07-14,62.16,1.24,0.43
2017-07-17,63.07,1.26,0.42
2017-07-18,62.43,1.25,0.43
2017-07-19,63.28,1.26,0.42
2017-07-20,63.45,1.27,0.42
2017-07-21,62.96,1.26,0.43
2017-07-24,62.98,1.26,0.43
2017-07-25,63.22,1.26,0.42
2017-07-26,63.56,1.27,0.42
2017-07-27,63.41,1.27,0.42
2017-07-28,63.25,1.26,0.42
2017-07-31,63.65,1.27,0.42
2017-08-01,64.28,1.27,0.42
2017-08-02,64.14,1.27,0.42
2017-08-03,63.59,1.26,0.43
2017-08-04,65.44,1.26,0.42
2017-08-07,66.46,1.28,0.42
2017-08-08,63.53,1.23,0.44
2017-08-09,62.82,1.22,0.44
2017-08-10,59.64,1.16,0.46
2017-08-11,59.08,1.15,0.47
2017-08-14,62.5,1.21,0.44
2017-08-16,63.03,1.22,0.44
2017-08-17,63.39,1.23,0.44
2017-08-18,62.88,1.22,0.44
2017-08-21,61.97,1.21,0.44
2017-08-22,64.64,1.2,0.45
2017-08-23,66.86,1.24,0.43
2017-08-24,68.27,1.23,0.43
2017-08-28,68.49,1.23,0.43
2017-08-29,67.88,1.22,0.44
2017-08-30,69.02,1.24,0.43
2017-08-31,69.96,1.26,0.42
2017-09-01,71.76,1.29,0.41
2017-09-04,70.59,1.27,0.42
2017-09-05,71.59,1.29,0.41
2017-09-06,71.64,1.29,0.41
2017-09-07,72.21,1.3,0.41
2017-09-08,71.15,1.28,0.42
2017-09-11,71.62,1.29,0.41
2017-09-12,73.07,1.32,0.41
2017-09-13,72.16,1.3,0.41
2017-09-14,71.78,1.29,0.41
2017-09-15,71.55,1.29,0.42
2017-09-18,72.04,1.3,0.41
2017-09-19,72.69,1.31,0.41
2017-09-20,72.3,1.3,0.41
2017-09-21,71.19,1.28,0.42
2017-09-22,68.1,1.23,0.44
2017-09-25,65.96,1.19,0.45
2017-09-26,67.74,1.22,0.44
2017-09-27,65.76,1.19,0.45
2017-09-28,66.48,1.2,0.45
2017-09-29,58.99,1.16,0.48
2017-10-03,59.15,1.17,0.48
2017-10-04,59.43,1.17,0.47
2017-10-05,59.97,1.18,0.47
2017-10-06,60.06,1.19,0.47
2017-10-09,58.35,1.21,0.46
2017-10-10,57.86,1.2,0.46
2017-10-11,56.74,1.18,0.47
2017-10-12,57.7,1.2,0.46
2017-10-13,57.87,1.2,0.46
2017-10-16,58.52,1.22,0.46
2017-10-17,59.03,1.23,0.45
2017-10-18,56.65,1.23,0.45
2017-10-19,56.51,1.22,0.46
2017-10-23,57.04,1.23,0.45
2017-10-24,57.36,1.24,0.45
2017-10-25,57.13,1.24,0.45
2017-10-26,57.38,1.24,0.45
2017-10-27,57.08,1.24,0.45
2017-10-30,58.22,1.26,0.44
2017-10-31,59.91,1.29,0.43
2017-11-01,61.46,1.32,0.42
2017-11-02,61.48,1.32,0.42
2017-11-03,61.9,1.33,0.42
2017-11-06,62.18,1.34,0.41
2017-11-07,60.7,1.31,0.42
2017-11-08,60.23,1.3,0.43
2017-11-09,60.78,1.29,0.43
2017-11-10,60.79,1.29,0.37
2017-11-13,59.32,1.27,0.38
2017-11-14,59.61,1.28,0.38
2017-11-15,58.54,1.25,0.38
2017-11-16,59.32,1.27,0.38
2017-11-17,61.48,1.41,0.1
2017-11-20,62.79,1.44,0.1
2017-11-21,63.07,1.42,0.1
2017-11-22,60.8,1.43,0.1
2017-11-23,58.97,1.43,0.1
2017-11-24,59.1,1.43,0.1
2017-11-27,59.61,1.44,0.1
2017-11-28,59.35,1.44,0.1
2017-11-29,59.88,1.45,0.1
2017-11-30,60.55,1.46,0.06
2017-12-01,59.35,1.43,0.06
2017-12-04,59.13,1.42,0.06
2017-12-05,58.8,1.41,0.06
2017-12-06,58.61,1.41,0.06
2017-12-07,59.71,1.44,0.06
2017-12-08,60.15,1.44,0.03
2017-12-11,60.04,1.44,0.03
2017-12-12,59.1,1.41,0.03
2017-12-13,57.84,1.38,0.03
2017-12-14,58.02,1.39,0.03
2017-12-15,59.0,1.41,0.03
2017-12-18,58.7,1.4,0.03
2017-12-19,59.65,1.43,0.03
2017-12-20,61.41,1.47,0.03
2017-12-21,61.88,1.48,0.03
2017-12-22,61.98,1.48,0.03
2017-12-26,62.68,1.5,0.03
2017-12-27,62.28,1.49,0.03
2017-12-28,64.18,1.54,0.03
2017-12-29,65.81,1.54,0.03
2018-01-01,65.96,1.54,0.03
2018-01-02,65.23,1.52,0.03
2018-01-03,65.53,1.53,0.03
2018-01-04,70.54,1.53,0.03
2018-01-05,71.06,1.54,0.03
2018-01-08,71.72,1.55,0.03
2018-01-09,73.74,1.6,0.03
2018-01-10,74.66,1.62,0.02
2018-01-11,76.16,1.65,0.02
2018-01-12,75.04,1.63,0.02
2018-01-15,75.07,1.63,0.02
2018-01-16,72.52,1.57,0.03
2018-01-17,73.16,1.58,0.03
2018-01-18,70.29,1.52,0.03
2018-01-19,71.06,1.54,0.03
2018-01-22,72.41,1.57,0.03
2018-01-23,72.89,1.58,0.03
2018-01-24,72.84,1.58,0.03
2018-01-25,73.37,1.55,0.03
2018-01-29,73.12,1.54,0.03
2018-01-30,72.33,1.53,0.03
2018-01-31,72.31,1.53,0.03
2018-02-01,71.02,1.52,0.03
2018-02-02,66.64,1.42,0.03
2018-02-05,66.34,1.42,0.03
2018-02-06,65.09,1.39,0.03
2018-02-07,66.19,1.41,0.03
2018-02-08,67.9,1.45,0.03
2018-02-09,68.13,1.45,0.03
2018-02-12,69.29,1.48,0.03
2018-02-14,71.66,1.48,0.03
2018-02-15,71.26,1.47,0.03
2018-02-16,70.37,1.45,0.03
2018-02-19,69.37,1.43,0.03
2018-02-20,69.01,1.42,0.03
2018-02-21,68.54,1.41,0.03
2018-02-22,67.7,1.42,0.03
2018-02-23,77.69,1.43,0.26
2018-02-26,80.12,1.47,0.25
2018-02-27,78.79,1.45,0.25
2018-02-28,78.73,1.45,0.25
2018-03-01,77.69,1.44,0.26
2018-03-05,76.92,1.43,0.26
2018-03-06,75.18,1.39,0.26
2018-03-07,74.5,1.38,0.27
2018-03-08,75.56,1.4,0.26
2018-03-09,75.53,1.4,0.26
2018-03-12,75.93,1.41,0.26
2018-03-13,75.25,1.43,0.26
2018-03-14,74.86,1.42,0.26
2018-03-15,74.78,1.42,0.26
2018-03-16,73.57,1.4,0.26
2018-03-19,71.41,1.35,0.27
2018-03-20,80.0,1.35,0.27
2018-03-21,80.64,1.36,0.27
2018-03-22,79.66,1.34,0.27
2018-03-23,77.02,1.3,0.28
2018-03-26,77.92,1.31,0.28
2018-03-27,78.15,1.32,0.28
2018-03-28,77.32,1.3,0.28
2018-04-02,79.5,1.3,0.28
2018-04-03,79.9,1.31,0.28
2018-04-04,78.86,1.29,0.28
2018-04-05,80.92,1.33,0.27
2018-04-06,81.38,1.33,0.27
2018-04-09,81.35,1.33,0.27
2018-04-10,82.24,1.35,0.27
2018-04-11,81.92,1.34,0.27
2018-04-12,80.35,1.32,0.28
2018-04-13,80.71,1.32,0.28
2018-04-16,82.02,1.34,0.27
2018-04-17,83.0,1.36,0.27
2018-04-18,83.47,1.37,0.27
2018-04-19,84.01,1.38,0.26
2018-04-20,83.2,1.36,0.27
2018-04-23,84.55,1.39,0.26
2018-04-24,84.88,1.39,0.26
2018-04-25,85.39,1.4,0.26
2018-04-26,84.8,1.39,0.26
2018-04-27,85.09,1.4,0.26
2018-04-30,86.43,1.42,0.26
2018-05-02,84.71,1.39,0.26
2018-05-03,83.3,1.37,0.27
2018-05-04,83.18,1.36,0.27
2018-05-07,84.1,1.38,0.26
2018-05-08,85.1,1.4,0.26
2018-05-09,85.02,1.39,0.26
2018-05-10,83.34,1.37,0.27
2018-05-11,82.92,1.36,0.27
2018-05-14,82.34,1.35,0.27
2018-05-15,80.7,1.32,0.28
2018-05-16,82.36,1.35,0.27
2018-05-17,82.43,1.35,0.27
2018-05-18,81.2,1.33,0.27
2018-05-21,78.54,1.29,0.28
2018-05-22,79.51,1.3,0.28
2018-05-23,78.82,1.29,0.28
2018-05-24,78.27,1.28,0.28
2018-05-25,79.25,1.3,0.28
2018-05-28,71.47,1.32,0.28
2018-05-29,70.75,1.31,0.28
2018-05-30,70.74,1.31,0.28
2018-05-31,69.42,1.29,0.33
2018-06-01,68.56,1.28,0.34
2018-06-04,66.28,1.23,0.35
2018-06-05,65.58,1.22,0.35
2018-06-06,66.56,1.24,0.35
2018-06-07,68.55,1.28,0.34
2018-06-08,68.79,1.28,0.34
2018-06-11,68.36,1.27,0.34
2018-06-12,68.65,1.28,0.34
2018-06-13,68.62,1.28,0.34
2018-06-14,68.61,1.28,0.34
2018-06-15,67.75,1.26,0.34
2018-06-18,67.48,1.26,0.34
2018-06-19,66.13,1.23,0.35
2018-06-20,70.71,1.24,0.35
2018-06-21,70.14,1.23,0.35
2018-06-22,70.25,1.24,0.35
2018-06-25,69.21,1.22,0.35
2018-06-26,81.54,1.21,0.36
2018-06-27,80.07,1.19,0.36
2018-06-28,70.33,1.16,0.37
2018-06-29,72.08,1.19,0.36
2018-07-02,76.71,1.17,0.37
2018-07-03,76.82,1.18,0.37
2018-07-04,77.18,1.18,0.37
2018-07-05,75.79,1.16,0.37
2018-07-06,76.56,1.17,0.37
2018-07-09,76.46,1.21,0.36
2018-07-10,77.83,1.23,0.36
2018-07-11,77.91,1.23,0.36
2018-07-12,77.05,1.22,0.36
2018-07-13,75.75,1.2,0.37
2018-07-16,73.23,1.16,0.38
2018-07-17,73.99,1.17,0.38
2018-07-18,72.21,1.14,0.38
2018-07-19,72.07,1.14,0.39
2018-07-20,72.99,1.15,0.38
2018-07-23,74.69,1.2,0.36
2018-07-24,76.56,1.23,0.36
2018-07-25,75.48,1.21,0.36
2018-07-26,76.09,1.22,0.36
2018-07-27,76.5,1.23,0.36
2018-07-30,76.64,1.23,0.36
2018-07-31,77.93,1.25,0.35
2018-08-01,78.06,1.25,0.35
2018-08-02,76.76,1.23,0.35
2018-08-03,77.22,1.24,0.35
2018-08-06,76.77,1.23,0.35
2018-08-07,76.29,1.23,0.36
2018-08-08,68.97,1.23,0.36
2018-08-09,73.25,1.25,0.35
2018-08-10,73.18,1.25,0.35
2018-08-13,72.48,1.24,0.35
2018-08-14,73.92,1.26,0.35
2018-08-16,73.54,1.26,0.35
2018-08-17,74.18,1.27,0.35
2018-08-20,74.66,1.28,0.34
2018-08-21,73.33,1.25,0.35
2018-08-23,73.62,1.26,0.35
2018-08-24,73.6,1.26,0.35
2018-08-27,82.64,1.26,0.35
2018-08-28,81.66,1.24,0.35
2018-08-29,82.62,1.24,0.42
2018-08-30,83.12,1.25,0.41
2018-08-31,79.81,1.25,0.41
2018-09-03,79.02,1.23,0.42
2018-09-04,77.56,1.21,0.43
2018-09-05,76.7,1.2,0.43
2018-09-06,86.43,1.2,0.43
2018-09-07,86.98,1.21,0.43
2018-09-10,85.66,1.19,0.43
2018-09-11,83.96,1.17,0.44
2018-09-12,83.44,1.16,0.44
2018-09-14,86.32,1.2,0.43
2018-09-17,87.3,1.21,0.42
2018-09-18,84.64,1.18,0.44
2018-09-19,83.61,1.16,0.44
2018-09-21,80.66,1.12,0.46
2018-09-24,76.4,1.06,0.48
2018-09-25,75.09,1.05,0.49
2018-09-26,76.9,1.05,0.56
2018-09-27,74.77,1.02,0.58
2018-09-28,78.54,1.3,0.62
2018-10-01,77.36,1.28,0.63
2018-10-03,77.33,1.28,0.63
2018-10-04,76.78,1.27,0.63
2018-10-05,74.69,1.24,0.65
2018-10-08,72.28,1.2,0.67
2018-10-09,71.57,1.18,0.68
2018-10-10,74.58,1.23,0.65
2018-10-11,72.48,1.2,0.67
2018-10-12,74.96,1.24,0.65
2018-10-15,75.06,1.24,0.65
2018-10-16,75.82,1.25,0.64
2018-10-17,73.63,1.22,0.66
2018-10-19,73.07,1.21,0.67
2018-10-22,72.83,1.21,0.67
2018-10-23,72.96,1.21,0.67
2018-10-24,75.19,1.24,0.65
2018-10-25,73.69,1.22,0.66
2018-10-26,72.76,1.22,0.66
2018-10-29,75.17,1.26,0.64
2018-10-30,75.64,1.26,0.64
2018-10-31,76.13,1.27,0.63
2018-11-01,78.23,1.31,0.62
2018-11-02,78.39,1.31,0.61
2018-11-05,79.59,1.33,0.61
2018-11-06,79.9,1.33,0.6
2018-11-07,80.42,1.34,0.6
2018-11-09,80.08,1.34,0.6
2018-11-12,78.9,1.32,0.61
2018-11-13,78.43,1.31,0.61
2018-11-14,77.26,1.29,0.62
2018-11-15,78.57,1.31,0.61
2018-11-16,78.77,1.32,0.61
2018-11-19,80.11,1.34,0.6
2018-11-20,80.15,1.34,0.6
2018-11-21,80.52,1.36,0.59
2018-11-22,79.43,1.34,0.6
2018-11-26,104.92,1.35,0.6
2018-11-27,105.03,1.35,0.6
2018-11-28,103.53,1.33,0.61
2018-11-29,104.77,1.34,0.6
2018-11-30,107.08,1.37,0.59
2018-12-03,109.66,1.41,0.57
2018-12-04,109.27,1.4,0.57
2018-12-05,108.44,1.39,0.58
2018-12-06,105.84,1.36,0.59
2018-12-07,106.36,1.36,0.59
2018-12-10,103.14,1.32,0.61
2018-12-11,103.17,1.32,0.61
2018-12-12,107.67,1.38,0.58
2018-12-13,109.15,1.4,0.57
2018-12-14,109.47,1.4,0.57
2018-12-17,109.23,1.4,0.57
2018-12-18,109.46,1.4,0.57
2018-12-19,112.67,1.44,0.56
2018-12-20,112.32,1.44,0.56
2018-12-21,110.07,1.41,0.57
2018-12-24,107.71,1.38,0.58
2018-12-26,107.97,1.38,0.58
2018-12-27,107.36,1.38,0.58
2018-12-28,107.63,1.38,0.58
2018-12-31,107.24,1.37,0.59
2019-01-01,109.63,1.4,0.57
2019-01-02,108.07,1.38,0.58
2019-01-03,107.99,1.38,0.58
2019-01-04,108.87,1.39,0.58
2019-01-07,110.34,1.41,0.57
2019-01-08,110.32,1.41,0.57
2019-01-09,111.04,1.42,0.57
2019-01-10,110.72,1.42,0.57
2019-01-11,109.24,1.4,0.57
2019-01-14,108.18,1.39,0.58
2019-01-15,110.1,1.41,0.57
2019-01-16,110.11,1.41,0.57
2019-01-17,87.17,1.43,0.56
2019-01-18,86.05,1.41,0.57
2019-01-21,84.82,1.39,0.58
2019-01-22,85.46,1.4,0.57
2019-01-23,85.04,1.39,0.58
2019-01-24,86.87,1.42,0.57
2019-01-25,83.07,1.36,0.59
2019-01-28,82.8,1.36,0.59
2019-01-29,81.45,1.35,0.6
2019-01-30,80.84,1.34,0.6
2019-01-31,81.57,1.35,0.59
2019-02-01,82.58,1.37,0.59
2019-02-04,81.77,1.35,0.59
2019-02-05,79.94,1.32,0.61
2019-02-06,80.34,1.33,0.6
2019-02-07,80.29,1.33,0.6
2019-02-08,80.89,1.34,0.6
2019-02-11,80.07,1.33,0.61
2019-02-12,78.95,1.31,0.61
2019-02-13,79.25,1.31,0.61
2019-02-14,79.49,1.32,0.61
2019-02-15,79.31,1.32,0.61
2019-02-18,79.91,1.33,0.61
2019-02-19,81.28,1.35,0.6
2019-02-20,81.5,1.35,0.59
2019-02-21,81.81,1.36,0.59
2019-02-22,83.09,1.38,0.58
2019-02-25,82.48,1.37,0.59
2019-02-26,40.62,1.92,0.63
2019-02-27,40.82,1.93,0.63
2019-02-28,41.22,1.95,0.63
2019-03-01,41.25,1.95,0.63
2019-03-05,42.07,1.99,0.61
2019-03-06,42.4,2.0,0.61
2019-03-07,42.26,1.99,0.61
2019-03-08,42.35,2.0,0.61
2019-03-11,42.73,2.02,0.6
2019-03-12,43.85,2.07,0.59
2019-03-13,44.1,2.08,0.59
2019-03-14,45.08,2.13,0.57
2019-03-15,45.05,2.13,0.57
2019-03-18,46.32,2.19,0.56
2019-03-19,46.38,2.19,0.56
2019-03-20,47.5,2.24,0.54
2019-03-22,47.79,2.26,0.54
2019-03-25,46.88,2.21,0.55
2019-03-26,47.28,2.23,0.55
2019-03-27,47.07,2.22,0.55
2019-03-28,47.74,2.25,0.54
2019-03-29,48.13,2.27,0.54
2019-04-01,46.8,2.25,0.54
2019-04-02,47.88,2.31,0.53
2019-04-03,47.75,2.3,0.53
2019-04-04,47.7,2.3,0.53
2019-04-05,48.34,2.33,0.52
2019-04-08,47.28,2.28,0.54
2019-04-09,47.94,2.31,0.53
2019-04-10,48.49,2.33,0.52
2019-04-11,48.14,2.32,0.53
2019-04-12,48.29,2.32,0.52
2019-04-15,49.09,2.36,0.52
2019-04-16,48.59,2.34,0.52
2019-04-18,47.36,2.28,0.53
2019-04-22,46.18,2.22,0.55
2019-04-23,46.09,2.22,0.55
2019-04-24,46.39,2.23,0.55
2019-04-25,46.54,2.24,0.54
2019-04-26,46.31,2.23,0.55
2019-04-30,45.24,2.18,0.56
2019-05-02,48.2,2.31,0.54
2019-05-03,48.96,2.34,0.53
2019-05-06,48.24,2.31,0.54
2019-05-07,47.67,2.28,0.55
2019-05-08,45.73,2.23,0.56
2019-05-09,45.88,2.24,0.56
2019-05-10,46.2,2.24,0.56
2019-05-13,45.32,2.2,0.57
2019-05-14,45.67,2.21,0.57
2019-05-15,45.82,2.22,0.56
2019-05-16,46.32,2.25,0.56
2019-05-17,46.33,2.25,0.56
2019-05-20,48.97,2.38,0.53
2019-05-21,48.78,2.37,0.53
2019-05-22,48.97,2.38,0.53
2019-05-23,49.19,2.39,0.52
2019-05-24,51.37,2.5,0.5
2019-05-27,47.91,2.55,0.49
2019-05-28,47.97,2.55,0.49
2019-05-29,47.7,2.54,0.49
2019-05-30,47.64,2.54,0.49
2019-05-31,47.53,2.53,0.49
2019-06-03,48.01,2.56,0.49
2019-06-04,47.83,2.55,0.49
2019-06-06,46.99,2.5,0.5
2019-06-07,46.76,2.49,0.5
2019-06-10,46.9,2.5,0.5
2019-06-11,46.95,2.5,0.5
2019-06-12,46.0,2.45,0.51
2019-06-13,46.29,2.46,0.51
2019-06-14,45.32,2.41,0.52
2019-06-17,44.71,2.38,0.53
2019-06-18,44.75,2.38,0.53
2019-06-19,45.24,2.41,0.52
2019-06-20,46.11,2.46,0.51
2019-06-21,45.89,2.44,0.51
2019-06-24,45.45,2.42,0.52
2019-06-25,45.88,2.44,0.51
2019-06-26,46.57,2.48,0.51
2019-06-27,47.45,2.53,0.5
2019-06-28,48.28,2.56,0.48
2019-07-01,49.46,2.62,0.47
2019-07-02,48.73,2.58,0.48
2019-07-03,49.14,2.6,0.47
2019-07-04,49.59,2.62,0.47
2019-07-05,47.82,2.53,0.48
2019-07-08,46.15,2.44,0.5
2019-07-09,47.46,2.51,0.49
2019-07-10,46.71,2.47,0.5
2019-07-11,47.31,2.5,0.49
2019-07-12,47.56,2.52,0.49
2019-07-15,49.05,2.62,0.47
2019-07-16,49.98,2.67,0.46
2019-07-17,50.06,2.67,0.46
2019-07-18,49.3,2.63,0.46
2019-07-19,47.26,2.59,0.47
2019-07-22,46.92,2.59,0.46
2019-07-23,47.38,2.61,0.46
2019-07-24,46.89,2.59,0.46
2019-07-25,46.94,2.59,0.46
2019-07-26,47.04,2.6,0.46
2019-07-29,46.6,2.57,0.47
2019-07-30,45.96,2.54,0.47
2019-07-31,45.85,2.55,0.5
2019-08-01,45.36,2.52,0.51
2019-08-02,44.35,2.5,0.51
2019-08-05,43.56,2.46,0.52
2019-08-06,44.33,2.5,0.51
2019-08-07,43.7,2.47,0.52
2019-08-08,44.49,2.51,0.51
2019-08-09,42.84,2.53,0.5
2019-08-13,42.99,2.51,0.51
2019-08-14,43.22,2.52,0.51
2019-08-16,44.13,2.53,0.51
2019-08-19,44.41,2.54,0.5
2019-08-20,43.91,2.51,0.51
2019-08-21,43.04,2.46,0.52
2019-08-22,40.38,2.31,0.55
2019-08-23,40.71,2.33,0.55
2019-08-26,42.23,2.42,0.53
2019-08-27,42.71,2.45,0.52
2019-08-28,43.73,2.5,0.51
2019-08-29,43.92,2.51,0.51
2019-08-30,44.48,2.47,0.5
2019-09-03,43.48,2.41,0.51
2019-09-04,43.4,2.41,0.51
2019-09-05,43.17,2.36,0.52
2019-09-06,42.89,2.35,0.53
2019-09-09,43.17,2.36,0.52
2019-09-11,44.96,2.46,0.5
2019-09-12,44.56,2.44,0.51
2019-09-13,36.94,2.48,0.5
2019-09-16,36.59,2.45,0.5
2019-09-17,35.22,2.36,0.52
2019-09-18,35.74,2.4,0.52
2019-09-19,35.19,2.36,0.52
2019-09-20,36.56,2.45,0.5
2019-09-23,37.59,2.52,0.49
2019-09-24,37.09,2.49,0.5
2019-09-25,36.92,2.41,0.51
2019-09-26,37.88,2.47,0.5
2019-09-27,36.75,2.43,0.52
2019-09-30,36.33,2.39,0.52
2019-10-01,34.84,2.29,0.55
2019-10-03,35.27,2.32,0.54
2019-10-04,34.85,2.29,0.55
2019-10-07,34.44,2.27,0.55
2019-10-09,35.14,2.31,0.54
2019-10-10,34.39,2.26,0.55
2019-10-11,34.72,2.28,0.55
2019-10-14,35.39,2.33,0.54
2019-10-15,35.62,2.34,0.54
2019-10-16,35.99,2.37,0.53
2019-10-17,36.21,2.4,0.53
2019-10-18,36.9,2.45,0.52
2019-10-22,37.05,2.46,0.52
2019-10-23,36.72,2.44,0.52
2019-10-24,37.06,2.46,0.52
2019-10-25,37.2,2.47,0.52
2019-10-27,37.21,2.47,0.52
2019-10-29,37.53,2.49,0.51
2019-10-30,37.33,2.48,0.51
2019-10-31,37.77,2.54,0.51
2019-11-01,38.07,2.56,0.5
2019-11-04,37.86,2.54,0.51
2019-11-05,37.25,2.53,0.51
2019-11-06,38.13,2.59,0.5
2019-11-07,38.47,2.61,0.49
2019-11-08,39.1,2.65,0.49
2019-11-11,39.44,2.67,0.48
2019-11-13,28.22,2.63,0.49
2019-11-14,28.16,2.62,0.49
2019-11-15,28.08,2.61,0.49
2019-11-18,28.18,2.62,0.49
2019-11-19,28.2,2.62,0.49
2019-11-20,27.78,2.58,0.5
2019-11-21,27.93,2.6,0.5
2019-11-22,27.97,2.6,0.5
2019-11-25,28.47,2.65,0.49
2019-11-26,28.2,2.62,0.49
2019-11-27,28.02,2.61,0.49
2019-11-28,28.32,2.63,0.49
2019-11-29,28.6,2.66,0.48
2019-12-02,28.5,2.65,0.49
2019-12-03,28.88,2.69,0.48
2019-12-04,28.94,2.69,0.48
2019-12-05,28.99,2.7,0.48
2019-12-06,28.74,2.67,0.48
2019-12-09,28.44,2.65,0.49
2019-12-10,28.18,2.62,0.49
2019-12-11,28.44,2.65,0.49
2019-12-12,28.69,2.67,0.48
2019-12-13,29.17,2.71,0.47
2019-12-16,29.02,2.73,0.47
2019-12-17,28.94,2.72,0.47
2019-12-18,29.14,2.74,0.47
2019-12-19,29.13,2.74,0.47
2019-12-20,29.28,2.75,0.47
2019-12-23,29.16,2.74,0.47
2019-12-24,29.29,2.75,0.47
2019-12-26,29.23,2.75,0.47
2019-12-27,30.55,2.84,0.44
2019-12-30,30.59,2.84,0.44
2019-12-31,30.8,2.86,0.44
2020-01-01,30.73,2.85,0.44
2020-01-02,31.06,2.88,0.44
2020-01-03,30.92,2.87,0.44
2020-01-06,30.17,2.8,0.45
2020-01-07,30.75,2.86,0.44
2020-01-08,30.65,2.85,0.44
2020-01-09,31.48,2.92,0.43
2020-01-10,32.05,2.98,0.42
2020-01-13,32.72,3.04,0.42
2020-01-14,32.68,3.03,0.42
2020-01-15,33.11,3.07,0.41
2020-01-16,33.41,3.1,0.41
2020-01-17,33.44,3.11,0.41
2020-01-20,33.61,3.12,0.4
2020-01-21,33.13,3.08,0.41
2020-01-22,33.1,2.84,0.31
2020-01-23,33.8,2.9,0.3
2020-01-24,33.91,2.91,0.3
2020-01-27,33.58,2.89,0.3
2020-01-28,33.6,2.89,0.3
2020-01-29,33.76,2.9,0.3
2020-01-30,33.62,2.89,0.3
2020-01-31,34.02,2.93,0.3
2020-02-01,31.34,2.7,0.32
2020-02-03,31.86,2.74,0.32
2020-02-04,32.69,2.82,0.31
2020-02-05,33.0,2.89,0.3
2020-02-06,32.62,2.88,0.3
2020-02-07,30.14,2.83,0.31
2020-02-10,29.72,2.8,0.31
2020-02-11,29.71,2.81,0.31
2020-02-12,29.46,2.79,0.31
2020-02-13,29.32,2.77,0.31
2020-02-14,29.02,2.74,0.32
2020-02-17,28.59,2.7,0.32
2020-02-18,28.32,2.68,0.32
2020-02-19,28.63,2.71,0.32
2020-02-20,28.81,2.73,0.32
2020-02-24,28.2,2.67,0.32
2020-02-25,28.62,2.69,0.32
2020-02-26,28.15,2.65,0.33
2020-02-27,27.46,2.58,0.34
2020-02-28,26.54,2.5,0.35
2020-03-02,26.46,2.49,0.35
2020-03-03,26.89,2.53,0.34
2020-03-04,26.59,2.5,0.35
2020-03-05,26.29,2.47,0.35
2020-03-06,25.52,2.4,0.36
2020-03-09,24.6,2.31,0.37
2020-03-11,24.15,2.27,0.38
2020-03-12,21.79,2.05,0.42
2020-03-13,22.31,2.1,0.41
2020-03-16,20.45,1.92,0.45
2020-03-17,19.96,1.88,0.46
2020-03-18,18.71,1.76,0.49
2020-03-19,18.09,1.7,0.51
2020-03-20,18.58,1.75,0.5
2020-03-23,16.47,1.55,0.56
2020-03-24,16.14,1.52,0.57
2020-03-25,16.57,1.56,0.56
2020-03-26,17.58,1.65,0.52
2020-03-27,17.51,1.65,0.53
2020-03-30,16.24,1.53,0.57
2020-03-31,16.6,1.56,0.56
2020-04-01,16.28,1.53,0.57
2020-04-03,16.28,1.53,0.57
2020-04-07,17.31,1.63,0.53
2020-04-08,17.08,1.61,0.54
2020-04-09,17.58,1.65,0.52
2020-04-13,16.72,1.57,0.55
2020-04-15,17.02,1.6,0.54
2020-04-16,17.15,1.61,0.54
2020-04-17,17.77,1.67,0.52
2020-04-20,17.87,1.68,0.52
2020-04-21,17.54,1.65,0.53
2020-04-22,17.41,1.64,0.53
2020-04-23,17.55,1.65,0.53
2020-04-24,16.81,1.58,0.55
2020-04-27,17.04,1.6,0.54
2020-04-28,17.17,1.62,0.54
2020-04-29,17.33,1.63,0.53
2020-04-30,17.72,1.67,0.52
2020-05-04,16.49,1.55,0.56
2020-05-05,16.02,1.51,0.58
2020-05-06,16.18,1.52,0.57
2020-05-07,16.15,1.52,0.57
2020-05-08,16.04,1.51,0.57
2020-05-11,16.19,1.52,0.57
2020-05-12,16.64,1.54,0.56
2020-05-13,17.22,1.59,0.55
2020-05-14,16.91,1.56,0.56
2020-05-15,18.21,1.54,0.56
2020-05-18,17.24,1.45,0.6
2020-05-19,17.12,1.44,0.6
2020-05-20,17.5,1.48,0.59
2020-05-21,17.47,1.47,0.59
2020-05-22,17.27,1.46,0.6
2020-05-26,17.47,1.47,0.59
2020-05-27,17.77,1.5,0.58
2020-05-28,18.23,1.54,0.56
2020-05-29,19.01,1.6,0.54
2020-06-01,19.59,1.65,0.52
2020-06-02,20.56,1.73,0.5
2020-06-03,21.2,1.79,0.49
2020-06-04,20.83,1.76,0.49
2020-06-05,21.32,1.8,0.48
2020-06-08,27.38,1.8,0.48
2020-06-09,27.38,1.8,0.48
2020-06-10,27.91,1.84,0.47
2020-06-11,27.34,1.8,0.48
2020-06-12,27.65,1.82,0.48
2020-06-15,26.82,1.77,0.49
2020-06-16,26.6,1.75,0.49
2020-06-17,26.8,1.77,0.49
2020-06-18,27.05,1.78,0.49
2020-06-19,28.77,1.9,0.46
2020-06-22,29.38,1.91,0.45
2020-06-23,30.23,1.97,0.44
2020-06-24,29.43,1.92,0.45
2020-06-25,29.13,1.9,0.46
2020-06-26,27.77,1.92,0.43
2020-06-29,26.78,1.85,0.44
2020-06-30,27.36,1.84,0.44
2020-07-01,27.16,1.83,0.45
2020-07-02,27.31,1.82,0.45
2020-07-03,27.59,1.84,0.44
2020-07-06,28.42,1.9,0.43
2020-07-07,28.22,1.89,0.43
2020-07-08,27.67,1.85,0.44
2020-07-09,27.81,1.86,0.44
2020-07-10,28.0,1.87,0.44
2020-07-13,27.55,1.84,0.44
2020-07-14,27.13,1.81,0.45
2020-07-15,26.57,1.78,0.46
2020-07-16,26.96,1.78,0.46
2020-07-17,27.07,1.78,0.46
2020-07-20,27.18,1.79,0.46
2020-07-21,27.71,1.83,0.45
2020-07-22,27.43,1.81,0.45
2020-07-23,27.81,1.83,0.45
2020-07-24,27.34,1.8,0.45
2020-07-27,26.89,1.77,0.46
2020-07-28,27.32,1.79,0.45
2020-07-29,27.33,1.79,0.45
2020-07-30,27.3,1.79,0.45
2020-07-31,28.48,1.81,0.45
2020-08-03,29.01,1.79,0.45
2020-08-04,29.55,1.82,0.44
2020-08-05,29.57,1.83,0.44
2020-08-06,29.89,1.85,0.44
2020-08-07,37.92,1.84,0.44
2020-08-10,39.0,1.89,0.43
2020-08-11,40.81,1.88,0.43
2020-08-12,40.51,1.87,0.43
2020-08-13,40.88,1.89,0.43
2020-08-14,42.48,1.87,0.43
2020-08-17,43.52,1.89,0.43
2020-08-18,45.28,1.96,0.41
2020-08-19,45.85,1.99,0.41
2020-08-20,46.05,1.91,0.41
2020-08-21,46.62,1.93,0.4
2020-08-24,46.15,1.91,0.41
2020-08-25,45.16,1.87,0.41
2020-08-26,45.53,1.89,0.41
2020-08-27,48.44,2.01,0.39
2020-08-28,48.5,2.01,0.39
2020-08-31,46.35,1.92,0.4
2020-09-01,46.71,1.94,0.4
2020-09-02,46.97,1.95,0.4
2020-09-03,46.88,1.94,0.4
2020-09-04,45.78,1.9,0.41
2020-09-07,46.2,1.96,0.4
2020-09-08,45.4,1.92,0.4
2020-09-09,44.72,1.89,0.41
2020-09-10,44.98,1.9,0.41
2020-09-11,45.55,1.93,0.4
2020-09-14,47.25,2.0,0.39
2020-09-15,47.51,1.83,0.83
2020-09-16,49.35,1.87,0.81
2020-09-17,48.51,1.84,0.82
2020-09-18,49.44,1.88,0.81
2020-09-21,46.65,1.77,0.85
2020-09-22,45.78,1.74,0.87
2020-09-23,46.14,1.75,0.86
2020-09-24,44.72,1.7,0.89
2020-09-25,46.61,1.74,0.86
2020-09-28,48.02,1.8,0.83
2020-09-29,47.45,1.78,0.84
2020-09-30,47.17,1.77,0.85
2020-10-01,48.01,1.8,0.84
2020-10-05,48.13,1.8,0.83
2020-10-06,49.38,1.85,0.81
2020-10-07,48.47,1.76,0.92
2020-10-08,48.75,1.77,0.92
2020-10-09,47.96,1.75,0.93
2020-10-12,47.43,1.73,0.94
2020-10-13,47.29,1.72,0.95
2020-10-14,47.79,1.74,0.94
2020-10-15,46.66,1.7,0.96
2020-10-16,47.88,1.74,0.93
2020-10-19,48.6,1.77,0.92
2020-10-20,51.06,1.84,0.88
2020-10-21,53.29,1.92,0.85
2020-10-22,53.48,1.93,0.84
2020-10-23,52.9,1.9,0.85
2020-10-26,51.9,1.87,0.87
2020-10-27,51.52,1.85,0.88
2020-10-28,50.47,1.82,0.9
2020-10-29,50.26,1.81,0.9
2020-10-30,51.35,1.85,0.88
2020-11-02,52.96,1.91,0.85
2020-11-03,109.17,1.86,0.87
2020-11-04,107.17,1.83,0.89
2020-11-05,107.34,1.82,0.89
2020-11-06,108.49,1.84,0.88
2020-11-09,110.09,1.87,0.87
2020-11-10,119.17,1.9,0.85
2020-11-11,120.08,1.92,0.85
2020-11-12,120.97,1.93,0.84
2020-11-13,134.06,1.96,0.83
2020-11-14,135.11,1.97,0.82
2020-11-17,149.58,2.01,0.81
2020-11-18,156.11,2.05,0.79
2020-11-19,153.98,2.02,0.8
2020-11-20,154.79,2.04,0.8
2020-11-23,156.3,2.06,0.79
2020-11-24,159.1,2.09,0.78
2020-11-25,155.51,2.05,0.8
2020-11-26,156.73,2.06,0.79
2020-11-27,160.87,2.12,0.77
2020-12-01,166.24,2.19,0.74
2020-12-02,171.16,2.25,0.72
2020-12-03,172.6,2.27,0.72
2020-12-04,174.54,2.3,0.71
2020-12-07,173.98,2.29,0.71
2020-12-08,175.41,2.31,0.71
2020-12-09,178.02,2.34,0.69
2020-12-10,178.77,2.35,0.69
2020-12-11,180.16,2.37,0.69
2020-12-14,178.56,2.35,0.69
2020-12-15,177.99,2.34,0.69
2020-12-16,187.15,2.46,0.66
2020-12-17,188.26,2.48,0.66
2020-12-18,187.12,2.46,0.66
2020-12-21,177.3,2.33,0.7
2020-12-22,178.11,2.35,0.69
2020-12-23,185.12,2.44,0.67
2020-12-24,184.32,2.43,0.67
2020-12-28,189.09,2.49,0.65
2020-12-29,188.55,2.48,0.66
2020-12-30,190.97,2.51,0.65
2020-12-31,193.32,2.55,0.64
2021-01-01,184.57,2.51,0.63
2021-01-04,185.17,2.52,0.63
2021-01-05,184.53,2.51,0.63
2021-01-06,185.84,2.53,0.63
2021-01-07,188.35,2.56,0.62
2021-01-08,191.05,2.6,0.61
2021-01-11,192.23,2.61,0.61
2021-01-12,197.55,2.69,0.59
2021-01-13,196.95,2.68,0.59
2021-01-14,196.81,2.68,0.59
2021-01-15,193.22,2.62,0.61
2021-01-18,189.33,2.57,0.62
2021-01-19,197.27,2.68,0.6
2021-01-20,197.74,2.68,0.6
2021-01-21,192.68,2.61,0.61
2021-01-22,187.22,2.53,0.63
2021-01-25,185.76,2.52,0.63
2021-01-27,162.06,2.46,0.65
2021-01-28,158.5,2.41,0.66
2021-01-29,159.29,2.42,0.66
2021-02-01,169.34,2.57,0.62
2021-02-02,223.75,2.67,0.6
2021-02-03,222.8,2.66,0.6
2021-02-04,224.92,2.68,0.59
2021-02-05,226.45,2.7,0.59
2021-02-08,291.59,2.75,0.58
2021-02-09,289.64,2.74,0.58
2021-02-10,294.37,2.78,0.57
2021-02-11,293.62,2.77,0.57
2021-02-12,293.67,2.77,0.57
2021-02-15,307.47,2.81,0.57
2021-02-16,227.48,2.82,0.56
2021-02-17,226.02,2.8,0.57
2021-02-18,224.82,2.79,0.57
2021-02-19,221.88,2.75,0.58
2021-02-22,215.68,2.68,0.6
2021-02-23,221.52,2.75,0.58
2021-02-24,223.41,2.77,0.57
2021-02-25,227.2,2.82,0.57
2021-02-26,223.01,2.77,0.58
2021-03-01,225.97,2.8,0.57
2021-03-02,227.65,2.82,0.56
2021-03-03,231.09,2.87,0.56
2021-03-04,231.34,2.87,0.56
2021-03-05,228.06,2.83,0.56
2021-03-08,225.66,2.8,0.57
2021-03-09,223.2,2.77,0.58
2021-03-10,224.58,2.79,0.57
2021-03-12,222.72,2.76,0.58
2021-03-15,221.83,2.75,0.58
2021-03-16,220.58,2.74,0.58
2021-03-17,214.04,2.66,0.6
2021-03-18,210.89,2.62,0.61
2021-03-19,209.8,2.6,0.61
2021-03-22,215.46,2.67,0.6
2021-03-23,217.73,2.7,0.59
2021-03-24,211.33,2.62,0.61
2021-03-25,206.03,2.56,0.62
2021-03-26,209.48,2.6,0.61
2021-03-30,209.42,2.6,0.61
2021-03-31,,2.77,0.14
2021-04-01,,2.78,0.14
2021-04-05,,2.69,0.14
2021-04-06,,2.72,0.14
2021-04-07,,2.75,0.14
2021-04-08,,2.77,0.14
2021-04-09,,2.75,0.14
2021-04-12,,2.55,0.15
2021-04-13,,2.62,0.15
2021-04-15,,2.61,0.15
2021-04-16,,2.6,0.15
2021-04-19,,2.49,0.16
2021-04-20,,2.5,0.16
2021-04-22,,2.53,0.15
2021-04-23,,2.5,0.16
2021-04-26,,2.59,0.15
2021-04-27,766.56,2.61,0.15
2021-04-28,762.01,2.59,0.15
2021-04-29,761.4,2.59,0.15
2021-04-30,755.03,2.57,0.15
2021-05-03,750.27,2.55,0.15
2021-05-04,746.88,2.54,0.15
2021-05-05,,2.51,0.15
2021-05-06,,2.53,0.15
2021-05-07,,2.55,0.15
2021-05-10,,2.57,0.15
2021-05-11,,2.58,0.15
2021-05-12,,2.57,0.15
2021-05-14,,2.49,0.16
2021-05-17,,2.53,0.15
2021-05-18,,2.55,0.15
2021-05-19,,2.6,0.15
2021-05-20,,2.63,0.15
2021-05-21,,2.66,0.15
2021-05-24,,2.7,0.14
2021-05-25,,2.71,0.14
2021-05-26,,2.78,0.14
2021-05-27,,2.75,0.14
2021-05-28,,2.75,0.14
2021-05-31,,2.79,0.14
2021-06-01,21553.29,2.77,0.14
2021-06-02,21867.35,2.81,0.14
2021-06-03,22693.7,2.92,0.13
2021-06-04,22804.73,2.93,0.13
2021-06-07,22739.01,2.93,0.13
2021-06-08,22931.94,2.95,0.13
2021-06-09,22551.93,2.9,0.13
2021-06-10,23307.57,3.0,0.13
2021-06-11,130.32,2.97,0.13
2021-06-14,128.33,2.92,0.13
2021-06-15,62.81,2.96,0.13
2021-06-16,62.13,2.92,0.13
2021-06-17,61.11,2.88,0.14
2021-06-18,60.6,2.85,0.14
2021-06-21,62.01,2.92,0.13
2021-06-22,61.59,2.9,0.13
2021-06-23,61.37,2.89,0.13
2021-06-24,61.82,2.87,0.14
2021-06-25,62.0,2.87,0.14
2021-06-28,62.02,2.87,0.14
2021-06-29,61.8,2.86,0.14
2021-06-30,60.64,2.83,0.13
2021-07-01,60.44,2.82,0.13
2021-07-02,60.55,2.84,0.13
2021-07-05,62.2,2.91,0.13
2021-07-06,62.0,2.9,0.13
2021-07-07,63.2,2.96,0.13
2021-07-08,62.85,2.94,0.13
2021-07-09,64.34,3.01,0.12
2021-07-12,68.75,3.16,0.12
2021-07-13,69.02,3.17,0.12
2021-07-14,68.36,3.14,0.12
2021-07-15,71.23,3.27,0.11
2021-07-16,72.05,3.31,0.11
2021-07-19,72.35,3.33,0.11
2021-07-20,70.52,3.24,0.11
2021-07-22,71.76,3.3,0.11
2021-07-23,72.69,3.11,0.07
2021-07-26,71.98,3.08,0.07
2021-07-27,71.45,3.04,0.08
2021-07-28,64.74,3.02,0.08
2021-07-29,65.78,3.07,0.09
2021-07-30,65.98,3.08,0.09
2021-08-02,68.13,3.22,0.11
2021-08-03,68.31,3.23,0.11
2021-08-04,67.17,3.18,0.11
2021-08-05,65.57,3.14,0.11
2021-08-06,64.95,3.11,0.11
2021-08-09,65.24,3.09,0.12
2021-08-10,59.31,3.03,0.12
2021-08-11,59.47,3.04,0.12
2021-08-12,58.84,3.07,0.12
2021-08-13,58.3,3.05,0.12
2021-08-16,58.09,3.03,0.12
2021-08-17,57.6,3.01,0.12
2021-08-18,57.16,2.99,0.12
2021-08-20,55.11,2.88,0.12
2021-08-23,54.57,2.85,0.3
2021-08-24,55.57,2.91,0.29
2021-08-25,55.14,2.88,0.29
2021-08-26,55.28,2.89,0.29
2021-08-27,55.69,2.91,0.29
2021-08-30,56.76,2.97,0.29
2021-08-31,57.09,2.96,0.28
2021-09-01,60.28,3.12,0.27
2021-09-02,61.03,3.16,0.27
2021-09-03,61.68,3.2,0.26
2021-09-06,63.63,3.3,0.26
2021-09-07,62.14,3.22,0.26
2021-09-08,62.1,3.22,0.26
2021-09-09,61.64,3.2,0.26
2021-09-13,62.04,3.22,0.26
2021-09-14,62.3,3.23,0.26
2021-09-15,62.4,3.23,0.2
2021-09-16,62.51,3.24,0.21
2021-09-17,61.04,3.16,0.25
2021-09-20,59.74,3.1,0.25
2021-09-21,61.87,3.21,0.23
2021-09-22,67.1,3.48,0.22
2021-09-23,72.91,3.78,0.21
2021-09-24,74.0,3.71,0.2
2021-09-27,76.21,3.83,0.2
2021-09-28,73.91,3.71,0.2
2021-09-29,74.74,3.75,0.2
2021-09-30,75.26,3.98,0.19
2021-10-01,74.12,3.92,0.19
2021-10-04,75.73,4.0,0.19
2021-10-05,74.7,3.95,0.19
2021-10-06,73.49,3.88,0.19
2021-10-07,78.02,4.12,0.18
2021-10-08,76.3,4.03,0.19
2021-10-11,77.61,4.1,0.18
2021-10-12,78.18,4.13,0.18
2021-10-13,77.99,4.12,0.18
2021-10-14,78.99,4.17,0.18
2021-10-18,79.36,4.19,0.18
2021-10-19,72.27,4.01,0.19
2021-10-20,70.71,3.92,0.19
2021-10-21,69.72,3.87,0.19
2021-10-22,71.5,3.97,0.19
2021-10-25,69.58,3.86,0.19
2021-10-26,72.09,4.0,0.19
2021-10-27,72.31,4.01,0.19
2021-10-28,69.59,3.86,0.19
2021-10-29,69.89,3.87,0.19
2021-11-01,70.84,4.03,0.19
2021-11-02,71.22,4.17,0.18
2021-11-03,69.87,4.25,0.18
2021-11-04,70.04,4.26,0.18
2021-11-08,70.46,4.32,0.17
2021-11-09,70.52,4.32,0.17
2021-11-10,69.0,4.26,0.18
2021-11-11,67.39,4.16,0.18
2021-11-12,68.51,4.23,0.18
2021-11-15,68.23,4.24,0.18
2021-11-16,68.11,4.24,0.18
2021-11-17,66.99,4.17,0.18
2021-11-18,65.84,4.09,0.18
2021-11-22,63.12,3.92,0.19
2021-11-23,64.48,4.01,0.19
2021-11-24,64.44,4.01,0.19
2021-11-25,65.69,4.08,0.18
2021-11-26,61.58,3.83,0.2
2021-11-29,60.55,3.76,0.2
2021-11-30,61.78,3.96,0.19
2021-12-01,62.67,4.02,0.19
2021-12-02,63.02,4.04,0.18
2021-12-03,62.88,4.03,0.18
2021-12-06,62.02,3.98,0.19
2021-12-07,63.41,4.07,0.18
2021-12-08,64.5,4.14,0.18
2021-12-09,64.32,4.13,0.18
2021-12-10,65.81,4.22,0.18
2021-12-13,64.92,4.16,0.18
2021-12-14,64.52,4.14,0.18
2021-12-15,63.3,4.06,0.18
2021-12-16,62.76,4.03,0.18
2021-12-17,60.3,3.87,0.19
2021-12-20,57.35,3.68,0.2
2021-12-21,58.28,3.74,0.2
2021-12-22,59.99,3.85,0.19
2021-12-23,61.38,3.94,0.19
2021-12-24,60.47,3.88,0.19
2021-12-27,60.77,3.9,0.19
2021-12-28,61.25,3.93,0.19
2021-12-29,61.2,3.93,0.19
2021-12-30,60.6,3.89,0.19
2021-12-31,61.66,3.91,0.19
2022-01-03,62.36,3.95,0.19
2022-01-04,62.02,3.93,0.19
2022-01-05,62.77,3.98,0.19
2022-01-06,61.85,3.92,0.19
2022-01-07,61.87,3.92,0.19
2022-01-10,63.06,3.99,0.18
2022-01-11,63.41,4.02,0.18
2022-01-12,64.62,4.09,0.18
2022-01-13,64.16,4.06,0.18
2022-01-14,64.9,4.11,0.18
2022-01-17,65.72,4.16,0.18
2022-01-18,64.01,4.05,0.18
2022-01-19,63.92,4.05,0.18
2022-01-20,64.06,4.06,0.18
2022-01-21,62.55,3.96,0.19
2022-01-24,58.86,3.73,0.2
2022-01-25,59.93,3.8,0.19
2022-01-27,58.85,3.73,0.2
2022-01-28,64.15,3.76,0.2
2022-01-31,66.16,3.87,0.19
2022-02-01,64.81,3.94,0.19
2022-02-02,66.46,4.0,0.18
2022-02-03,65.31,3.93,0.19
2022-02-04,63.51,3.82,0.19
2022-02-07,60.89,3.78,0.2
2022-02-08,60.38,3.74,0.2
2022-02-09,59.77,3.77,0.2
2022-02-10,60.3,3.8,0.19
2022-02-11,58.96,3.73,0.2
2022-02-14,55.96,3.53,0.21
2022-02-15,57.52,3.64,0.2
2022-02-16,58.17,3.68,0.2
2022-02-17,58.03,3.67,0.2
2022-02-18,57.3,3.62,0.2
2022-02-21,56.52,3.57,0.21
2022-02-22,54.88,3.47,0.21
2022-02-23,56.61,3.58,0.21
2022-02-24,52.55,3.32,0.22
2022-02-25,55.35,3.5,0.21
2022-02-28,55.69,3.52,0.21
2022-03-02,55.03,3.48,0.21
2022-03-03,54.75,3.46,0.21
2022-03-04,53.14,3.36,0.22
2022-03-07,50.24,3.18,0.23
2022-03-08,51.87,3.28,0.23
2022-03-09,53.45,3.38,0.22
2022-03-10,54.65,3.45,0.21
2022-03-11,54.9,3.47,0.21
2022-03-14,53.98,3.41,0.22
2022-03-15,53.82,3.4,0.22
2022-03-16,55.78,3.53,0.21
2022-03-17,57.52,3.64,0.2
2022-03-21,57.12,3.61,0.2
2022-03-22,56.55,3.57,0.21
2022-03-23,56.35,3.56,0.21
2022-03-24,56.63,3.58,0.21
2022-03-25,57.32,3.62,0.2
2022-03-28,57.56,3.64,0.2
2022-03-29,58.12,3.67,0.2
2022-03-30,59.01,3.73,0.2
2022-03-31,59.48,3.71,0.2
2022-04-01,60.9,3.8,0.19
2022-04-04,61.1,3.81,0.19
2022-04-05,60.94,3.8,0.19
2022-04-06,60.79,3.79,0.19
2022-04-07,60.81,3.79,0.19
2022-04-08,60.89,3.8,0.19
2022-04-11,61.57,3.84,0.19
2022-04-12,59.88,3.73,0.2
2022-04-13,59.55,3.71,0.2
2022-04-18,58.8,3.67,0.2
2022-04-19,57.35,3.58,0.2
2022-04-20,57.67,3.59,0.2
2022-04-21,58.31,3.63,0.2
2022-04-22,57.5,3.58,0.2
2022-04-25,55.34,3.45,0.21
2022-04-26,57.32,3.57,0.2
2022-04-27,57.14,3.56,0.2
2022-04-28,56.22,3.59,0.2
2022-04-29,55.55,3.55,0.21
2022-05-02,55.67,3.56,0.2
2022-05-04,54.28,3.44,0.21
2022-05-05,53.4,3.39,0.21
2022-05-06,51.5,3.27,0.22
2022-05-09,45.65,3.23,0.22
2022-05-10,44.3,3.13,0.23
2022-05-11,44.63,3.15,0.23
2022-05-12,43.67,3.09,0.23
2022-05-13,43.55,3.08,0.23
2022-05-16,45.11,3.16,0.23
2022-05-17,46.0,3.22,0.22
2022-05-18,45.19,3.16,0.23
2022-05-19,44.45,3.08,0.23
2022-05-20,46.32,3.21,0.23
2022-05-23,45.83,3.18,0.23
2022-05-24,45.21,3.14,0.23
2022-05-25,43.91,3.05,0.24
2022-05-26,43.88,3.09,0.23
2022-05-27,44.08,3.11,0.23
2022-05-30,50.21,3.23,0.22
2022-05-31,55.74,3.3,0.22
2022-06-01,55.12,3.26,0.22
2022-06-02,55.8,3.29,0.22
2022-06-03,55.25,3.26,0.22
2022-06-06,54.8,3.23,0.22
2022-06-07,53.88,3.18,0.23
2022-06-08,54.91,3.24,0.22
2022-06-09,55.05,3.25,0.22
2022-06-10,54.38,3.21,0.23
2022-06-13,52.68,3.11,0.23
2022-06-14,53.1,3.13,0.23
2022-06-15,52.78,3.11,0.23
2022-06-16,51.3,3.02,0.24
2022-06-17,51.29,3.02,0.24
2022-06-20,50.35,2.97,0.24
2022-06-21,52.2,3.08,0.23
2022-06-22,51.05,3.01,0.24
2022-06-23,51.9,3.06,0.24
2022-06-24,52.04,3.07,0.24
2022-06-27,52.49,3.09,0.23
2022-06-28,52.85,3.12,0.23
2022-06-29,52.96,3.12,0.23
2022-06-30,52.33,3.09,0.23
2022-07-01,53.16,3.13,0.23
2022-07-04,53.32,3.14,0.23
2022-07-05,53.23,3.14,0.23
2022-07-06,54.44,3.21,0.23
2022-07-07,55.86,3.29,0.26
2022-07-08,55.83,3.11,0.26
2022-07-11,56.65,3.15,0.26
2022-07-12,56.7,3.15,0.26
2022-07-13,56.86,3.16,0.26
2022-07-14,56.73,3.16,0.26
2022-07-15,57.05,3.17,0.25
2022-07-18,54.12,3.21,0.25
2022-07-19,55.5,3.29,0.25
2022-07-20,55.41,3.29,0.25
2022-07-21,55.77,3.31,0.24
2022-07-22,55.96,3.32,0.24
2022-07-25,55.7,3.31,0.27
2022-07-26,55.14,3.27,0.27
2022-07-27,55.07,3.31,0.27
2022-07-28,56.2,3.38,0.27
2022-07-29,56.73,3.41,0.26
2022-08-01,56.94,3.42,0.25
2022-08-02,54.89,3.36,0.44
2022-08-03,54.47,3.34,0.44
2022-08-04,50.99,3.3,0.45
2022-08-05,51.15,3.31,0.45
2022-08-08,51.23,3.31,0.45
2022-08-10,50.79,3.29,0.45
2022-08-11,49.87,3.31,0.45
2022-08-12,50.19,3.34,0.44
2022-08-16,41.65,3.4,0.43
2022-08-17,42.62,3.4,0.43
2022-08-18,43.28,3.4,0.43
2022-08-19,42.44,3.33,0.44
2022-08-22,41.37,3.25,0.45
2022-08-23,41.53,3.26,0.31
2022-08-24,42.29,3.32,0.31
2022-08-25,42.91,3.37,0.3
2022-08-26,42.75,3.36,0.3
2022-08-29,42.17,3.31,0.31
2022-08-30,43.64,3.41,0.3
2022-09-01,44.11,3.44,0.29
2022-09-02,44.03,3.44,0.29
2022-09-05,44.42,3.47,0.29
2022-09-06,44.58,3.48,0.29
2022-09-07,44.62,3.48,0.29
2022-09-08,44.49,3.47,0.29
2022-09-09,44.29,3.46,0.29
2022-09-12,45.26,3.53,0.31
2022-09-13,45.18,3.53,0.31
2022-09-14,44.87,3.5,0.31
2022-09-15,44.46,3.47,0.32
2022-09-16,42.81,3.34,0.32
2022-09-19,42.4,3.31,0.33
2022-09-20,43.08,3.36,0.32
2022-09-21,42.52,3.32,0.33
2022-09-22,42.4,3.31,0.32
2022-09-23,41.15,3.21,0.33
2022-09-26,39.4,3.07,0.34
2022-09-27,39.29,3.07,0.35
2022-09-28,39.03,3.05,0.35
2022-09-29,39.17,3.06,0.35
2022-09-30,39.95,3.09,0.34
2022-10-03,39.45,3.05,0.34
2022-10-04,40.35,3.12,0.34
2022-10-06,41.19,3.18,0.33
2022-10-07,41.32,3.19,0.33
2022-10-10,40.91,3.16,0.33
2022-10-11,39.66,3.06,0.34
2022-10-12,40.3,3.11,0.34
2022-10-13,39.9,3.08,0.34
2022-10-14,39.58,3.06,0.34
2022-10-17,39.41,3.04,0.34
2022-10-18,39.79,3.1,0.34
2022-10-19,39.95,3.11,0.34
2022-10-20,39.9,3.11,0.34
2022-10-21,39.92,3.11,0.34
2022-10-24,40.03,3.12,0.34
2022-10-25,39.34,3.1,0.34
2022-10-27,40.51,3.19,0.33
2022-10-28,40.34,3.18,0.33
2022-10-31,40.58,3.19,0.33
2022-11-01,40.95,3.22,0.33
2022-11-02,40.62,3.2,0.33
2022-11-03,44.99,3.22,0.33
2022-11-04,45.13,3.23,0.32
2022-11-07,45.6,3.26,0.32
2022-11-09,44.98,3.21,0.33
2022-11-10,44.91,3.21,0.33
2022-11-11,43.89,3.26,0.32
2022-11-14,43.81,3.3,0.32
2022-11-15,42.17,3.3,0.32
2022-11-16,41.74,3.26,0.32
2022-11-17,41.76,3.26,0.32
2022-11-18,42.01,3.27,0.32
2022-11-21,41.47,3.23,0.32
2022-11-22,40.97,3.19,0.33
2022-11-23,41.07,3.19,0.33
2022-11-24,41.16,3.2,0.33
2022-11-25,41.64,3.24,0.32
2022-11-28,41.67,3.24,0.32
2022-11-29,41.53,3.23,0.32
2022-11-30,42.13,3.28,0.32
2022-12-01,42.96,3.34,0.31
2022-12-02,43.37,3.37,0.31
2022-12-05,43.67,3.4,0.31
2022-12-06,43.37,3.37,0.31
2022-12-07,42.86,3.33,0.31
2022-12-08,42.53,3.31,0.32
2022-12-09,41.89,3.26,0.32
2022-12-12,42.08,3.27,0.32
2022-12-13,41.74,3.25,0.32
2022-12-14,42.35,3.29,0.32
2022-12-15,41.79,3.25,0.32
2022-12-16,41.17,3.2,0.33
2022-12-19,41.47,3.23,0.32
2022-12-20,40.97,3.19,0.33
2022-12-21,40.3,3.13,0.33
2022-12-22,39.73,3.09,0.34
2022-12-23,38.36,2.98,0.35
2022-12-26,39.29,3.06,0.34
2022-12-27,39.78,3.09,0.34
2022-12-28,39.98,3.11,0.34
2022-12-29,40.04,3.11,0.34
2022-12-30,41.79,3.18,0.32
2023-01-02,42.21,3.21,0.32
2023-01-03,42.26,3.22,0.32
2023-01-04,41.4,3.15,0.32
2023-01-05,41.5,3.16,0.32
2023-01-06,41.22,3.14,0.33
2023-01-09,41.47,3.16,0.32
2023-01-10,41.15,3.13,0.33
2023-01-11,41.13,3.13,0.33
2023-01-12,41.15,3.13,0.33
2023-01-13,41.27,3.14,0.33
2023-01-16,41.21,3.14,0.33
2023-01-17,41.7,3.17,0.32
2023-01-18,41.71,3.17,0.32
2023-01-19,41.67,3.17,0.32
2023-01-20,41.37,3.15,0.32
2023-01-23,41.11,3.13,0.33
2023-01-24,40.7,3.1,0.33
2023-01-25,39.43,3.04,0.34
2023-01-27,38.35,3.0,0.34
2023-01-30,38.3,3.0,0.34
2023-01-31,38.73,3.03,0.34
2023-02-01,38.36,3.0,0.34
2023-02-02,38.56,3.01,0.34
2023-02-03,38.24,2.99,0.34
2023-02-06,38.32,3.01,0.34
2023-02-07,38.66,3.03,0.34
2023-02-08,38.67,3.03,0.34
2023-02-09,37.61,3.01,0.34
2023-02-10,36.95,3.06,0.33
2023-02-13,36.36,3.0,0.34
2023-02-14,37.73,2.95,0.35
2023-02-15,38.22,2.99,0.34
2023-02-16,38.36,3.03,0.34
2023-02-17,37.68,2.97,0.34
2023-02-20,37.42,2.95,0.35
2023-02-21,36.97,2.92,0.35
2023-02-22,36.35,2.87,0.36
2023-02-23,35.7,2.82,0.36
2023-02-24,35.51,2.8,0.36
2023-02-27,36.29,2.86,0.36
2023-02-28,36.71,2.9,0.35
2023-03-01,37.13,2.93,0.35
2023-03-02,37.89,2.99,0.34
2023-03-03,38.46,3.03,0.34
2023-03-06,38.26,3.02,0.34
2023-03-08,38.0,3.0,0.34
2023-03-09,37.55,2.96,0.34
2023-03-10,37.17,2.93,0.35
2023-03-13,36.43,2.87,0.36
2023-03-14,36.06,2.85,0.36
2023-03-15,35.75,2.82,0.36
2023-03-16,36.15,2.85,0.36
2023-03-17,37.24,2.94,0.35
2023-03-20,36.87,2.91,0.35
2023-03-21,36.84,2.91,0.35
2023-03-22,36.81,2.9,0.35
2023-03-23,36.41,2.87,0.36
2023-03-24,35.56,2.81,0.36
2023-03-27,35.15,2.77,0.37
2023-03-28,34.73,2.74,0.37
2023-03-29,35.58,2.81,0.36
2023-03-31,35.11,2.88,0.36
2023-04-03,35.42,2.91,0.36
2023-04-05,35.6,2.92,0.36
2023-04-06,36.61,3.01,0.35
2023-04-10,38.19,3.14,0.33
2023-04-11,38.08,3.13,0.33
2023-04-12,38.1,3.13,0.33
2023-04-13,38.53,3.16,0.33
2023-04-17,38.92,3.2,0.33
2023-04-18,39.32,3.23,0.32
2023-04-19,39.38,3.23,0.32
2023-04-20,39.21,3.22,0.32
2023-04-21,38.38,3.15,0.33
2023-04-24,38.79,3.18,0.33
2023-04-25,38.16,3.2,0.33
2023-04-26,38.68,3.24,0.32
2023-04-27,40.34,3.29,0.32
2023-04-28,40.57,3.31,0.32
2023-05-02,40.56,3.31,0.32
2023-05-03,40.67,3.32,0.31
2023-05-04,40.69,3.32,0.31
2023-05-05,39.26,3.31,0.32
2023-05-08,39.9,3.37,0.31
2023-05-09,39.56,3.34,0.31
2023-05-10,39.9,3.37,0.31
2023-05-11,40.09,3.38,0.31
2023-05-12,39.95,3.37,0.31
2023-05-15,41.67,3.52,0.3
2023-05-16,40.97,3.51,0.3
2023-05-17,40.42,3.47,0.3
2023-05-18,38.26,3.38,0.31
2023-05-19,38.6,3.41,0.31
2023-05-22,38.87,3.44,0.3
2023-05-23,38.84,3.43,0.3
2023-05-24,38.83,3.43,0.3
2023-05-25,39.27,3.47,0.3
2023-05-26,37.89,3.52,0.3
2023-05-29,38.18,3.54,0.29
2023-05-30,38.1,3.54,0.3
2023-05-31,38.26,3.56,0.29
2023-06-01,38.68,3.6,0.29
2023-06-02,43.63,3.65,0.29
2023-06-05,46.7,3.67,0.29
2023-06-06,47.25,3.71,0.28
2023-06-07,48.0,3.77,0.28
2023-06-08,47.24,3.71,0.28
2023-06-09,47.25,3.71,0.28
2023-06-12,47.93,3.76,0.28
2023-06-13,49.37,3.87,0.27
2023-06-14,49.5,3.89,0.27
2023-06-15,49.13,3.86,0.27
2023-06-16,49.02,3.85,0.27
2023-06-19,48.67,3.82,0.27
2023-06-20,48.9,3.84,0.27
2023-06-21,48.74,3.83,0.31
2023-06-22,48.35,3.8,0.32
2023-06-23,48.06,3.77,0.32
2023-06-26,48.21,3.78,0.32
2023-06-27,48.81,3.83,0.31
2023-06-28,49.04,3.85,0.31
2023-06-30,49.31,3.87,0.31
2023-07-03,49.68,3.9,0.31
2023-07-04,49.58,3.89,0.31
2023-07-05,49.87,3.91,0.31
2023-07-06,50.99,4.0,0.3
2023-07-07,50.38,3.95,0.27
2023-07-10,49.96,3.92,0.28
2023-07-11,49.95,3.92,0.28
2023-07-12,50.08,3.93,0.28
2023-07-13,50.59,3.97,0.27
2023-07-14,51.18,4.02,0.27
2023-07-17,51.17,4.02,0.27
2023-07-18,50.73,3.98,0.27
2023-07-19,50.84,3.99,0.27
2023-07-20,50.85,3.99,0.27
2023-07-21,50.83,3.99,0.27
2023-07-24,50.93,4.0,0.27
2023-07-25,50.42,3.94,0.26
2023-07-26,51.01,3.99,0.26
2023-07-27,52.1,4.08,0.25
2023-07-28,53.94,4.15,0.45
2023-07-31,54.85,4.18,0.46
2023-08-01,53.88,4.1,0.47
2023-08-02,53.7,4.04,0.32
2023-08-03,52.74,3.97,0.33
2023-08-04,51.93,3.97,0.33
2023-08-07,52.24,4.0,0.33
2023-08-08,52.15,3.99,0.33
2023-08-09,51.5,3.94,0.33
2023-08-10,51.37,3.93,0.33
2023-08-11,57.19,3.92,0.33
2023-08-14,56.82,3.89,0.34
2023-08-16,78.8,3.93,0.33
2023-08-17,78.89,3.94,0.33
2023-08-18,78.32,3.91,0.34
2023-08-21,79.1,3.95,0.33
2023-08-22,79.26,3.92,0.33
2023-08-23,79.6,3.94,0.33
2023-08-24,79.76,3.89,0.33
2023-08-25,78.73,3.84,0.33
2023-08-28,79.46,3.85,0.33
2023-08-29,80.81,3.92,0.33
2023-08-30,81.95,3.97,0.32
2023-08-31,82.48,4.0,0.32
2023-09-01,83.26,4.03,0.32
2023-09-04,84.22,4.08,0.31
2023-09-05,85.11,4.12,0.31
2023-09-06,84.29,4.08,0.31
2023-09-07,85.54,4.14,0.31
2023-09-08,87.36,4.23,0.32
2023-09-11,88.12,4.27,0.32
2023-09-12,85.27,4.13,0.31
2023-09-13,85.84,4.16,0.31
2023-09-14,87.04,4.21,0.32
2023-09-15,86.7,4.2,0.36
2023-09-18,85.51,4.14,0.36
2023-09-20,84.52,4.09,0.35
2023-09-21,83.5,4.04,0.35
2023-09-22,82.94,4.02,0.36
2023-09-25,84.2,4.08,0.35
2023-09-26,84.46,4.09,0.35
2023-09-27,85.08,4.09,0.35
2023-09-28,84.25,4.05,0.35
2023-09-29,47.68,3.66,0.35
2023-10-03,47.9,3.68,0.35
2023-10-04,47.07,3.61,0.36
2023-10-05,47.2,3.63,0.36
2023-10-06,48.66,3.74,0.35
2023-10-09,48.27,3.71,0.35
2023-10-10,50.21,3.86,0.34
2023-10-11,50.63,3.89,0.33
2023-10-12,50.54,3.88,0.33
2023-10-13,50.75,3.9,0.33
2023-10-16,50.58,3.88,0.33
2023-10-17,50.59,3.89,0.33
2023-10-18,50.36,3.87,0.33
2023-10-19,50.18,3.85,0.34
2023-10-20,49.64,3.81,0.34
2023-10-23,48.4,3.72,0.35
2023-10-25,47.94,3.68,0.35
2023-10-26,47.36,3.64,0.36
2023-10-27,48.29,3.71,0.35
2023-10-30,49.32,3.79,0.34
2023-10-31,44.44,3.84,0.34
2023-11-01,44.58,3.9,0.33
2023-11-02,45.71,3.99,0.32
2023-11-03,46.87,4.1,0.32
2023-11-06,47.4,4.14,0.31
2023-11-07,46.76,4.09,0.32
2023-11-08,47.5,4.15,0.33
2023-11-09,44.12,4.2,0.32
2023-11-10,43.78,4.21,0.32
2023-11-12,44.05,4.24,0.32
2023-11-13,43.29,4.22,0.32
2023-11-15,43.77,4.34,0.31
2023-11-16,44.18,4.39,0.31
2023-11-17,44.39,4.41,0.31
2023-11-20,44.28,4.4,0.31
2023-11-21,44.78,4.45,0.31
2023-11-22,44.47,4.41,0.31
2023-11-23,44.93,4.46,0.31
2023-11-24,45.05,4.47,0.3
2023-11-28,45.3,4.5,0.3
2023-11-29,45.08,4.47,0.3
2023-11-30,45.73,4.54,0.3
2023-12-01,46.33,4.6,0.3
2023-12-04,47.28,4.69,0.29
2023-12-05,47.06,4.67,0.29
2023-12-06,46.92,4.66,0.29
2023-12-07,47.09,4.67,0.29
2023-12-08,47.34,4.7,0.29
2023-12-11,47.74,4.74,0.29
2023-12-12,46.91,4.66,0.29
2023-12-13,47.66,4.73,0.29
2023-12-14,49.51,4.91,0.28
2023-12-15,49.15,4.88,0.28
2023-12-18,48.68,4.83,0.28
2023-12-19,48.43,4.81,0.28
2023-12-20,47.25,4.69,0.29
2023-12-21,47.68,4.73,0.29
2023-12-22,48.9,4.85,0.28
2023-12-26,49.02,4.87,0.28
2023-12-27,49.35,4.9,0.28
2023-12-28,49.82,4.94,0.28
2023-12-29,50.39,4.98,0.28
2024-01-01,50.62,5.0,0.28
2024-01-02,50.09,4.95,0.28
2024-01-03,50.71,5.01,0.27
2024-01-04,54.14,5.35,0.26
2024-01-05,54.33,5.37,0.26
2024-01-08,54.4,5.38,0.26
2024-01-09,55.77,5.51,0.25
2024-01-10,55.71,5.51,0.25
2024-01-11,55.69,5.5,0.25
2024-01-12,56.69,5.6,0.25
2024-01-15,56.84,5.62,0.24
2024-01-16,55.89,5.52,0.25
2024-01-17,55.1,5.45,0.25
2024-01-18,55.5,5.48,0.25
2024-01-19,55.89,5.52,0.25
2024-01-20,55.46,5.48,0.25
2024-01-23,52.52,5.19,0.27
2024-01-24,54.4,5.2,0.26
2024-01-25,54.76,5.24,0.26
2024-01-29,54.85,5.3,0.26
2024-01-30,54.65,5.32,0.26
2024-01-31,55.9,5.44,0.25
2024-02-01,55.37,5.39,0.26
2024-02-02,54.85,5.44,0.27
2024-02-05,55.27,5.49,0.26
2024-02-06,55.37,5.51,0.26
2024-02-07,56.39,5.61,0.26
2024-02-08,55.84,5.57,0.26
2024-02-09,55.94,5.57,0.26
2024-02-12,54.28,5.4,0.27
2024-02-13,54.31,5.41,0.27
2024-02-14,53.89,5.48,0.26
2024-02-15,54.4,5.53,0.26
2024-02-16,55.23,5.61,0.26
2024-02-19,54.86,5.58,0.26
2024-02-20,55.5,5.64,0.26
2024-02-21,56.61,5.75,0.25
2024-02-22,56.92,5.78,0.25
2024-02-23,57.48,5.84,0.25
2024-02-26,57.52,5.85,0.25
2024-02-27,58.14,5.91,0.24
2024-02-28,56.91,5.78,0.25
2024-02-29,56.97,5.79,0.25
2024-03-01,57.38,5.83,0.25
2024-03-02,57.94,5.89,0.25
2024-03-04,58.03,5.9,0.24
2024-03-05,58.21,5.92,0.24
2024-03-06,57.43,5.84,0.25
2024-03-07,57.34,5.83,0.25
2024-03-11,56.72,5.76,0.25
2024-03-12,54.62,5.55,0.26
2024-03-13,51.71,5.26,0.27
2024-03-14,52.03,5.29,0.27
2024-03-15,51.94,5.28,0.27
2024-03-18,52.19,5.3,0.27
2024-03-19,51.88,5.27,0.27
2024-03-20,52.21,5.31,0.27
2024-03-21,53.77,5.47,0.26
2024-03-22,54.72,5.56,0.26
2024-03-26,55.58,5.65,0.26
2024-03-27,56.05,5.7,0.25
2024-03-28,59.04,5.69,0.26
2024-04-01,61.61,5.94,0.25
2024-04-02,62.23,6.0,0.24
2024-04-03,60.63,5.85,0.25
2024-04-04,60.6,5.84,0.25
2024-04-05,61.47,5.93,0.25
2024-04-08,62.29,6.01,0.24
2024-04-09,62.62,6.04,0.24
2024-04-10,62.99,6.07,0.24
2024-04-12,62.43,6.02,0.24
2024-04-15,61.76,5.95,0.24
2024-04-16,61.47,5.93,0.25
2024-04-18,61.15,5.9,0.25
2024-04-19,60.72,5.85,0.25
2024-04-22,61.17,5.9,0.25
2024-04-23,62.75,6.05,0.24
2024-04-24,63.31,6.1,0.24
2024-04-25,63.15,6.09,0.24
2024-04-26,63.53,6.13,0.24
2024-04-29,62.89,6.06,0.24
2024-04-30,63.16,6.15,0.24
2024-05-02,63.12,6.15,0.24
2024-05-03,62.47,6.08,0.24
2024-05-06,64.19,6.25,0.23
2024-05-07,61.77,6.03,0.24
2024-05-08,62.17,6.07,0.24
2024-05-09,60.79,5.94,0.25
2024-05-10,60.52,5.91,0.25
2024-05-13,61.27,5.98,0.24
2024-05-14,61.81,6.04,0.24
2024-05-15,60.8,6.1,0.24
2024-05-16,60.09,6.2,0.24
2024-05-17,61.09,6.3,0.23
2024-05-18,61.57,6.35,0.23
2024-05-21,61.93,6.35,0.23
2024-05-22,62.18,6.44,0.24
2024-05-23,62.88,6.51,0.23
2024-05-24,62.47,6.47,0.24
2024-05-27,63.0,6.53,0.23
2024-05-28,61.64,6.38,0.24
2024-05-29,61.08,6.33,0.24
2024-05-30,60.78,6.3,0.24
2024-05-31,63.89,6.44,0.24
2024-06-03,67.69,6.83,0.22
2024-06-04,60.35,6.17,0.25
2024-06-05,61.87,6.33,0.24
2024-06-06,64.78,6.62,0.23
2024-06-07,66.12,6.76,0.23
2024-06-10,67.0,6.85,0.22
2024-06-11,67.75,6.93,0.22
2024-06-12,67.73,6.92,0.22
2024-06-13,69.24,6.97,0.22
2024-06-14,69.81,7.03,0.21
2024-06-18,71.12,7.16,0.21
2024-06-19,67.52,6.95,0.3
2024-06-20,68.89,7.09,0.29
2024-06-21,68.38,7.04,0.28
2024-06-24,68.59,7.06,0.29
2024-06-25,67.39,6.94,0.29
2024-06-26,66.43,6.84,0.3
2024-06-27,66.39,6.84,0.3
2024-06-28,66.89,6.89,0.29
2024-07-01,66.66,6.87,0.29
2024-07-02,67.21,6.93,0.29
2024-07-03,67.44,6.95,0.29
2024-07-04,67.78,6.99,0.29
2024-07-05,67.76,6.98,0.29
2024-07-08,67.47,6.95,0.29
2024-07-09,68.24,7.03,0.29
2024-07-10,68.21,7.03,0.29
2024-07-11,67.2,6.93,0.29
2024-07-12,66.19,6.82,0.3
2024-07-15,67.08,6.91,0.3
2024-07-16,68.19,7.03,0.3
2024-07-18,67.97,7.01,0.3
2024-07-19,66.37,6.84,0.3
2024-07-22,66.05,6.8,0.3
2024-07-23,63.08,6.33,0.31
2024-07-24,63.57,6.38,0.3
2024-07-25,63.04,6.33,0.31
2024-07-26,63.63,6.4,0.31
2024-07-29,64.01,6.49,0.19
2024-07-30,64.29,6.52,0.2
2024-07-31,64.05,6.5,0.32
2024-08-01,61.6,6.38,0.34
2024-08-02,56.96,6.16,0.35
2024-08-05,54.5,5.89,0.37
2024-08-06,54.95,5.94,0.36
2024-08-07,55.52,6.05,0.36
2024-08-08,54.85,5.98,0.36
2024-08-09,55.7,6.07,0.36
2024-08-12,56.47,6.15,0.35
2024-08-13,56.05,6.11,0.35
2024-08-14,55.78,6.08,0.36
2024-08-16,57.17,6.23,0.38
2024-08-19,57.1,6.24,0.37
2024-08-20,57.22,6.25,0.39
2024-08-21,56.47,6.17,0.4
2024-08-22,56.74,6.2,0.4
2024-08-23,55.36,6.05,0.41
2024-08-26,56.33,6.15,0.4
2024-08-27,56.44,6.16,0.4
2024-08-28,56.34,6.15,0.4
2024-08-29,56.25,6.14,0.4
2024-08-30,57.28,6.26,0.39
2024-09-02,57.14,6.24,0.39
2024-09-03,56.84,6.21,0.4
2024-09-04,57.21,6.25,0.39
2024-09-05,56.66,6.19,0.4
2024-09-06,56.12,6.13,0.4
2024-09-09,55.98,6.11,0.39
2024-09-10,56.48,6.06,0.39
2024-09-11,55.82,5.99,0.39
2024-09-12,56.31,6.04,0.39
2024-09-13,57.29,6.14,0.38
2024-09-16,57.62,6.18,0.35
2024-09-17,57.97,6.22,0.35
2024-09-18,57.84,6.2,0.35
2024-09-19,58.13,6.23,0.35
2024-09-20,59.9,6.32,0.33
2024-09-23,61.23,6.47,0.34
2024-09-24,61.05,6.45,0.34
2024-09-25,61.45,6.49,0.34
2024-09-26,61.51,6.5,0.34
2024-09-27,60.78,6.42,0.34
2024-09-30,57.09,6.25,0.35
2024-10-01,56.97,6.24,0.35
2024-10-03,54.49,5.97,0.36
2024-10-04,53.59,5.87,0.37
2024-10-07,52.99,5.8,0.37
2024-10-08,53.5,5.86,0.37
2024-10-09,54.65,5.98,0.36
2024-10-10,54.43,5.96,0.36
2024-10-11,54.05,5.92,0.36
2024-10-14,54.92,6.01,0.36
2024-10-15,56.05,6.14,0.35
2024-10-16,56.36,6.17,0.35
2024-10-17,54.23,5.94,0.36
2024-10-18,54.4,5.96,0.36
2024-10-21,53.64,5.87,0.37
2024-10-22,51.33,5.68,0.38
2024-10-23,51.3,5.67,0.38
2024-10-24,50.71,5.61,0.39
2024-10-25,48.93,5.54,0.39
2024-10-28,49.61,5.62,0.38
2024-10-29,47.67,5.7,0.38
2024-10-30,47.63,5.69,0.38
2024-10-31,47.56,5.69,0.38
2024-11-01,48.01,5.74,0.38
2024-11-04,49.31,5.57,0.4
2024-11-05,49.61,5.61,0.4
2024-11-06,51.47,5.75,0.39
2024-11-07,50.74,5.67,0.39
2024-11-08,49.26,5.5,0.39
2024-11-11,49.19,5.5,0.39
2024-11-12,49.28,5.51,0.39
2024-11-13,47.71,5.33,0.41
2024-11-14,48.21,5.39,0.4
2024-11-18,48.48,5.42,0.4
2024-11-19,49.13,5.5,0.39
2024-11-21,49.59,5.55,0.39
2024-11-22,51.16,5.72,0.38
2024-11-25,52.29,5.85,0.37
2024-11-26,52.33,5.85,0.37
2024-11-27,52.11,5.74,0.37
2024-11-28,52.14,5.75,0.37
2024-11-29,51.87,5.72,0.37
2024-12-02,53.45,5.89,0.36
2024-12-03,53.62,5.91,0.36
2024-12-04,54.77,6.04,0.35
2024-12-05,54.63,6.02,0.35
2024-12-06,54.6,6.02,0.35
2024-12-09,54.76,6.03,0.35
2024-12-10,55.54,6.12,0.35
2024-12-11,55.64,6.13,0.35
2024-12-12,55.42,6.11,0.35
2024-12-13,55.17,6.08,0.35
2024-12-16,56.88,6.27,0.34
2024-12-17,56.83,6.26,0.34
2024-12-18,56.56,6.23,0.34
2024-12-19,56.1,6.18,0.34
2024-12-20,53.9,5.94,0.36
2024-12-23,54.69,6.03,0.35
2024-12-24,54.65,6.02,0.35
2024-12-26,54.78,6.04,0.35
2024-12-27,54.47,6.0,0.35
2024-12-30,53.64,5.91,0.36
2024-12-31,54.42,6.01,0.36
2025-01-01,53.82,5.95,0.36
2025-01-02,54.39,6.01,0.36
2025-01-03,54.05,5.97,0.36
2025-01-06,52.34,5.78,0.37
2025-01-07,52.75,5.83,0.37
2025-01-08,52.67,5.82,0.37
2025-01-09,51.23,5.66,0.38
2025-01-10,49.82,5.5,0.39
2025-01-13,46.6,5.15,0.42
2025-01-14,46.97,5.19,0.41
2025-01-15,47.62,5.26,0.41
2025-01-16,47.94,5.3,0.41
2025-01-17,48.57,5.37,0.4
2025-01-20,48.89,5.4,0.4
2025-01-21,46.87,5.18,0.41
2025-01-22,43.95,4.94,0.43
2025-01-23,44.38,4.99,0.43
2025-01-24,43.36,4.88,0.45
2025-01-27,42.91,4.83,0.46
2025-01-28,41.82,4.93,0.45
2025-01-29,43.04,5.07,0.43
2025-01-30,43.81,5.16,0.43
2025-01-31,44.26,5.26,0.42
2025-02-01,46.19,5.44,0.4
2025-02-03,46.39,5.43,0.4
2025-02-04,46.64,5.46,0.39
2025-02-05,45.78,5.35,0.4
2025-02-06,44.35,5.24,0.41
2025-02-07,44.39,5.24,0.41
2025-02-10,43.04,5.09,0.42
2025-02-11,41.72,4.93,0.44
2025-02-12,40.58,4.8,0.45
2025-02-13,40.91,4.83,0.44
2025-02-14,40.2,4.75,0.45
2025-02-17,40.2,4.75,0.45
2025-02-18,40.23,4.75,0.45
2025-02-19,40.9,4.83,0.44
2025-02-20,41.36,4.89,0.44
2025-02-21,40.83,4.82,0.44
2025-02-24,40.5,4.79,0.45
2025-02-25,39.96,4.72,0.45
2025-02-27,39.13,4.62,0.46
2025-02-28,38.68,4.57,0.47
2025-03-03,39.16,4.63,0.46
2025-03-04,39.2,4.63,0.46
2025-03-05,40.11,4.74,0.45
2025-03-06,40.04,4.73,0.45
2025-03-07,39.57,4.68,0.46
2025-03-10,38.76,4.58,0.47
2025-03-11,40.17,4.75,0.45
2025-03-12,39.51,4.67,0.46
2025-03-13,38.78,4.59,0.46
2025-03-17,38.64,4.57,0.47
2025-03-18,39.86,4.71,0.45
2025-03-19,40.98,4.84,0.44
2025-03-20,41.41,4.9,0.44
2025-03-21,41.82,4.94,0.43
2025-03-24,42.46,5.02,0.42
2025-03-25,41.84,4.95,0.43
2025-03-26,41.3,4.88,0.44
2025-03-27,41.86,4.95,0.43
2025-03-28,41.08,4.92,0.42
2025-04-01,39.8,4.77,0.44
2025-04-02,41.24,4.94,0.42
2025-04-03,41.2,4.94,0.42
2025-04-04,39.71,4.76,0.44
2025-04-07,37.45,4.49,0.46
2025-04-08,38.38,4.6,0.45
2025-04-09,37.65,4.51,0.46
2025-04-11,38.13,4.57,0.46
2025-04-15,40.28,4.83,0.43
2025-04-16,40.57,4.86,0.43
2025-04-17,40.78,4.89,0.43
2025-04-21,41.7,5.0,0.42
2025-04-22,42.7,5.12,0.41
2025-04-23,43.15,5.18,0.4
2025-04-24,42.55,5.11,0.41
2025-04-25,41.35,4.97,0.42
2025-04-28,41.94,5.04,0.41
2025-04-29,41.25,5.03,0.41
2025-04-30,42.99,5.12,0.41
2025-05-02,42.78,5.1,0.41
2025-05-05,43.26,5.13,0.42
2025-05-06,42.13,4.95,0.43
2025-05-07,42.6,5.0,0.43
2025-05-08,41.55,4.88,0.44
2025-05-09,40.56,4.76,0.45
2025-05-12,42.97,5.04,0.42
2025-05-13,42.66,5.01,0.43
2025-05-14,43.38,5.09,0.42
2025-05-15,45.14,5.19,0.41
2025-05-16,45.67,5.28,0.4
2025-05-19,46.71,5.4,0.4
2025-05-20,46.19,5.33,0.4
2025-05-21,46.98,5.43,0.39
2025-05-22,45.89,5.4,0.38
2025-05-23,46.01,5.42,0.38
2025-05-26,46.36,5.46,0.38
2025-05-27,46.48,5.47,0.38
2025-05-28,46.41,5.46,0.38
2025-05-29,46.94,5.53,0.38
2025-05-30,46.62,5.49,0.38
2025-06-02,47.7,5.62,0.37
2025-06-03,48.87,5.68,0.37
2025-06-04,48.53,5.64,0.37
2025-06-05,49.38,5.74,0.36
2025-06-06,51.69,6.01,0.35
2025-06-09,51.62,6.0,0.35
2025-06-10,51.03,5.93,0.35
2025-06-11,51.08,5.94,0.35
2025-06-12,50.04,5.82,0.36
2025-06-13,50.07,5.74,0.34
2025-06-16,50.73,5.82,0.34
2025-06-17,50.4,5.78,0.34
2025-06-18,50.16,5.75,0.34
2025-06-19,49.36,5.66,0.26
2025-06-20,50.4,5.78,0.25
2025-06-23,50.35,5.77,0.25
2025-06-24,50.43,5.78,0.24
2025-06-25,50.7,5.81,0.24
2025-06-26,50.2,5.75,0.24
2025-06-27,49.42,5.67,0.25
2025-06-30,49.06,5.63,0.25
2025-07-01,48.94,5.61,0.25
2025-07-02,48.24,5.53,0.25
2025-07-03,47.9,5.49,0.25
2025-07-04,48.34,5.54,0.25
2025-07-07,48.37,5.52,0.25
2025-07-08,48.85,5.58,0.25
2025-07-09,48.13,5.39,0.25
2025-07-10,47.88,5.36,0.25
2025-07-11,47.3,4.89,0.26
2025-07-14,47.96,4.96,0.25
2025-07-15,48.34,5.0,0.25
2025-07-16,48.58,5.02,0.26
2025-07-17,49.18,5.01,0.25
2025-07-18,49.12,5.05,0.25
2025-07-21,49.43,5.08,0.25
2025-07-22,48.93,4.95,0.25
2025-07-23,48.18,4.82,0.26
2025-07-24,47.67,4.77,0.26
2025-07-25,47.2,4.72,0.28
2025-07-28,45.12,4.53,0.46
2025-07-29,45.3,4.6,0.45
2025-07-30,44.87,4.56,0.44
2025-07-31,44.61,4.53,0.3
2025-08-01,43.82,4.45,0.29
2025-08-04,44.6,4.4,0.29
2025-08-05,44.04,4.38,0.29
2025-08-06,43.11,4.32,0.29
2025-08-07,43.04,4.31,0.29
2025-08-08,42.28,4.22,0.3
2025-08-11,43.07,4.3,0.3
2025-08-12,42.76,4.27,0.3
2025-08-13,42.86,4.28,0.31
2025-08-14,42.54,4.25,0.32
2025-08-18,43.08,4.34,0.28
2025-08-19,43.36,4.37,0.28
2025-08-20,43.82,4.41,0.25
2025-08-21,43.99,4.43,0.25
2025-08-22,43.62,4.39,0.31
2025-08-25,43.95,4.42,0.31
2025-08-26,42.96,4.33,0.31
2025-08-28,42.32,4.13,0.32
2025-08-29,41.75,4.07,0.32
2025-09-01,42.19,4.12,0.32
2025-09-02,42.49,4.15,0.32
2025-09-03,42.66,4.16,0.33
2025-09-04,42.33,4.13,0.33
2025-09-05,41.84,4.08,0.34
2025-09-08,42.03,4.1,0.34
2025-09-09,41.91,4.09,0.34
2025-09-10,42.38,4.13,0.33
2025-09-11,42.38,4.14,0.33
2025-09-12,42.41,4.14,0.33
2025-09-15,43.43,4.24,0.35
2025-09-16,43.89,4.28,0.34
2025-09-17,44.07,4.24,0.34
2025-09-18,44.04,4.24,0.34
2025-09-19,44.29,4.26,0.34
2025-09-22,44.19,4.25,0.34
2025-09-23,43.8,4.21,0.33
2025-09-24,42.71,4.11,0.34
2025-09-25,42.0,4.04,0.34
2025-09-26,41.58,4.0,0.35
2025-09-29,41.95,4.03,0.34
2025-09-30,42.51,4.19,0.34
2025-10-01,42.98,4.23,0.34
2025-10-03,42.93,4.23,0.34
2025-10-06,43.22,4.26,0.34
2025-10-07,43.69,4.3,0.33
2025-10-08,42.89,4.23,0.34
2025-10-09,43.21,4.26,0.34
2025-10-10,43.93,4.33,0.33
2025-10-13,43.94,4.33,0.33
2025-10-14,43.53,4.29,0.34
2025-10-15,44.85,4.42,0.33
2025-10-16,45.7,4.5,0.32
2025-10-17,45.75,4.51,0.32
2025-10-20,45.79,4.53,0.33
2025-10-21,45.75,4.53,0.33
2025-10-23,45.84,4.53,0.33
2025-10-24,45.92,4.54,0.33
2025-10-27,46.59,4.61,0.32
2025-10-28,46.1,4.56,0.33
2025-10-29,46.39,4.59,0.32
2025-10-30,46.41,4.59,0.32
2025-10-31,45.02,4.57,0.32
2025-11-03,46.02,4.68,0.32
2025-11-04,45.24,4.64,0.31
2025-11-06,44.56,4.57,0.32
2025-11-07,44.26,4.57,0.32
2025-11-10,44.27,4.56,0.32
2025-11-11,44.09,4.55,0.32
2025-11-12,43.87,4.53,0.32
2025-11-13,44.06,4.55,0.32
2025-11-14,44.02,4.54,0.32
2025-11-17,43.5,4.56,0.32
2025-11-18,42.67,4.48,0.32
2025-11-19,42.52,4.46,0.32
2025-11-20,42.46,4.45,0.32
2025-11-21,41.67,4.37,0.33
2025-11-24,40.81,4.28,0.34
2025-11-25,41.47,4.35,0.33
2025-11-26,41.94,4.4,0.33
2025-11-27,41.64,4.37,0.33
2025-11-28,41.55,4.36,0.33
